Time,S1 OFFICE BACK:CLIMATE ZONE 3 ANN HTG 99.6% CONDNS DB:Des Heat Load [W],S1 OFFICE BACK:CLIMATE ZONE 3 ANN CLG .4% CONDNS DB=>MWB:Des Sens Cool Load [W],S1 OFFICE BACK:CLIMATE ZONE 3 ANN HTG 99.6% CONDNS DB:Des Heat Mass Flow [kg/s],S1 OFFICE BACK:CLIMATE ZONE 3 ANN CLG .4% CONDNS DB=>MWB:Des Cool Mass Flow [kg/s],S1 OFFICE CORE:CLIMATE ZONE 3 ANN HTG 99.6% CONDNS DB:Des Heat Load [W],S1 OFFICE CORE:CLIMATE ZONE 3 ANN CLG .4% CONDNS DB=>MWB:Des Sens Cool Load [W],S1 OFFICE CORE:CLIMATE ZONE 3 ANN HTG 99.6% CONDNS DB:Des Heat Mass Flow [kg/s],S1 OFFICE CORE:CLIMATE ZONE 3 ANN CLG .4% CONDNS DB=>MWB:Des Cool Mass Flow [kg/s],S1 OFFICE FRONT:CLIMATE ZONE 3 ANN HTG 99.6% CONDNS DB:Des Heat Load [W],S1 OFFICE FRONT:CLIMATE ZONE 3 ANN CLG .4% CONDNS DB=>MWB:Des Sens Cool Load [W],S1 OFFICE FRONT:CLIMATE ZONE 3 ANN HTG 99.6% CONDNS DB:Des Heat Mass Flow [kg/s],S1 OFFICE FRONT:CLIMATE ZONE 3 ANN CLG .4% CONDNS DB=>MWB:Des Cool Mass Flow [kg/s],S1 OFFICE LEFT:CLIMATE ZONE 3 ANN HTG 99.6% CONDNS DB:Des Heat Load [W],S1 OFFICE LEFT:CLIMATE ZONE 3 ANN CLG .4% CONDNS DB=>MWB:Des Sens Cool Load [W],S1 OFFICE LEFT:CLIMATE ZONE 3 ANN HTG 99.6% CONDNS DB:Des Heat Mass Flow [kg/s],S1 OFFICE LEFT:CLIMATE ZONE 3 ANN CLG .4% CONDNS DB=>MWB:Des Cool Mass Flow [kg/s],S1 OFFICE RIGHT:CLIMATE ZONE 3 ANN HTG 99.6% CONDNS DB:Des Heat Load [W],S1 OFFICE RIGHT:CLIMATE ZONE 3 ANN CLG .4% CONDNS DB=>MWB:Des Sens Cool Load [W],S1 OFFICE RIGHT:CLIMATE ZONE 3 ANN HTG 99.6% CONDNS DB:Des Heat Mass Flow [kg/s],S1 OFFICE RIGHT:CLIMATE ZONE 3 ANN CLG .4% CONDNS DB=>MWB:Des Cool Mass Flow [kg/s],S2 OFFICE BACK:CLIMATE ZONE 3 ANN HTG 99.6% CONDNS DB:Des Heat Load [W],S2 OFFICE BACK:CLIMATE ZONE 3 ANN CLG .4% CONDNS DB=>MWB:Des Sens Cool Load [W],S2 OFFICE BACK:CLIMATE ZONE 3 ANN HTG 99.6% CONDNS DB:Des Heat Mass Flow [kg/s],S2 OFFICE BACK:CLIMATE ZONE 3 ANN CLG .4% CONDNS DB=>MWB:Des Cool Mass Flow [kg/s],S2 OFFICE CORE:CLIMATE ZONE 3 ANN HTG 99.6% CONDNS DB:Des Heat Load [W],S2 OFFICE CORE:CLIMATE ZONE 3 ANN CLG .4% CONDNS DB=>MWB:Des Sens Cool Load [W],S2 OFFICE CORE:CLIMATE ZONE 3 ANN HTG 99.6% CONDNS DB:Des Heat Mass Flow [kg/s],S2 OFFICE CORE:CLIMATE ZONE 3 ANN CLG .4% CONDNS DB=>MWB:Des Cool Mass Flow [kg/s],S2 OFFICE FRONT:CLIMATE ZONE 3 ANN HTG 99.6% CONDNS DB:Des Heat Load [W],S2 OFFICE FRONT:CLIMATE ZONE 3 ANN CLG .4% CONDNS DB=>MWB:Des Sens Cool Load [W],S2 OFFICE FRONT:CLIMATE ZONE 3 ANN HTG 99.6% CONDNS DB:Des Heat Mass Flow [kg/s],S2 OFFICE FRONT:CLIMATE ZONE 3 ANN CLG .4% CONDNS DB=>MWB:Des Cool Mass Flow [kg/s],S2 OFFICE LEFT:CLIMATE ZONE 3 ANN HTG 99.6% CONDNS DB:Des Heat Load [W],S2 OFFICE LEFT:CLIMATE ZONE 3 ANN CLG .4% CONDNS DB=>MWB:Des Sens Cool Load [W],S2 OFFICE LEFT:CLIMATE ZONE 3 ANN HTG 99.6% CONDNS DB:Des Heat Mass Flow [kg/s],S2 OFFICE LEFT:CLIMATE ZONE 3 ANN CLG .4% CONDNS DB=>MWB:Des Cool Mass Flow [kg/s],S2 OFFICE RIGHT:CLIMATE ZONE 3 ANN HTG 99.6% CONDNS DB:Des Heat Load [W],S2 OFFICE RIGHT:CLIMATE ZONE 3 ANN CLG .4% CONDNS DB=>MWB:Des Sens Cool Load [W],S2 OFFICE RIGHT:CLIMATE ZONE 3 ANN HTG 99.6% CONDNS DB:Des Heat Mass Flow [kg/s],S2 OFFICE RIGHT:CLIMATE ZONE 3 ANN CLG .4% CONDNS DB=>MWB:Des Cool Mass Flow [kg/s]
00:10:00,2.383873E+03,3.626947E+03,1.683183E-01,3.200233E-01,1.200658E+03,7.349375E+03,8.477623E-02,6.484893E-01,2.410998E+03,3.880330E+03,1.702335E-01,3.423775E-01,1.582781E+03,2.600049E+03,1.117554E-01,2.294084E-01,1.568998E+03,2.278007E+03,1.107822E-01,2.009972E-01,2.636579E+03,3.860089E+03,1.861597E-01,3.405915E-01,1.561013E+03,7.879704E+03,1.102202E-01,6.952772E-01,2.659768E+03,4.074650E+03,1.877970E-01,3.595209E-01,1.736552E+03,2.655229E+03,1.226117E-01,2.342767E-01,1.724689E+03,2.406298E+03,1.217741E-01,2.123152E-01
00:20:00,1.906463E+03,2.894198E+03,1.346098E-01,2.553694E-01,9.598061E+02,6.000101E+03,6.777013E-02,5.257888E-01,1.928159E+03,3.093943E+03,1.361417E-01,2.729915E-01,1.265826E+03,2.069529E+03,8.937618E-02,1.825995E-01,1.254800E+03,1.816592E+03,8.859768E-02,1.602849E-01,2.108598E+03,3.078933E+03,1.488808E-01,2.716670E-01,1.247976E+03,6.465384E+03,8.811730E-02,5.655183E-01,2.127147E+03,3.248236E+03,1.501905E-01,2.866035E-01,1.388830E+03,2.114263E+03,9.806032E-02,1.865462E-01,1.379340E+03,1.918269E+03,9.739023E-02,1.692550E-01
00:30:00,1.429378E+03,2.165198E+03,1.009242E-01,1.910462E-01,7.193213E+02,4.641191E+03,5.078994E-02,4.026547E-01,1.445648E+03,2.334238E+03,1.020730E-01,2.053310E-01,9.490751E+02,1.580263E+03,6.701134E-02,1.384192E-01,9.408061E+02,1.358140E+03,6.642750E-02,1.198340E-01,1.580958E+03,2.302427E+03,1.116260E-01,2.031528E-01,9.353653E+02,5.030370E+03,6.604441E-02,4.347380E-01,1.594868E+03,2.437619E+03,1.126081E-01,2.147897E-01,1.041318E+03,1.589701E+03,7.352377E-02,1.399305E-01,1.034201E+03,1.433687E+03,7.302121E-02,1.264988E-01
00:40:00,9.526109E+02,1.508920E+03,6.726107E-02,1.311260E-01,4.791966E+02,3.418768E+03,3.383518E-02,2.875092E-01,9.634557E+02,1.558284E+03,6.802679E-02,1.368654E-01,6.325235E+02,1.060420E+03,4.466058E-02,9.255233E-02,6.270112E+02,9.303988E+02,4.427138E-02,8.128259E-02,1.053650E+03,1.588307E+03,7.439455E-02,1.384571E-01,6.231710E+02,3.734104E+03,4.400095E-02,3.121311E-01,1.062922E+03,1.622798E+03,7.504924E-02,1.428951E-01,6.940127E+02,1.058783E+03,4.900176E-02,9.308640E-02,6.892676E+02,9.690647E+02,4.866672E-02,8.501880E-02
00:50:00,4.761539E+02,7.872078E+02,3.361983E-02,6.744581E-02,2.394250E+02,2.273104E+03,1.690536E-02,1.769393E-01,4.815754E+02,9.488141E+02,3.400263E-02,7.839580E-02,3.161666E+02,6.643510E+02,2.232358E-02,5.413918E-02,3.134106E+02,4.777028E+02,2.212898E-02,4.133947E-02,5.266662E+02,8.208551E+02,3.718608E-02,7.074170E-02,3.113853E+02,2.526449E+03,2.198634E-02,1.948500E-01,5.313018E+02,9.586395E+02,3.751338E-02,8.008677E-02,3.469082E+02,6.279772E+02,2.449395E-02,5.230821E-02,3.445357E+02,4.911880E+02,2.432643E-02,4.285420E-02
01:00:00,0.000000E+00,2.283611E+02,0.000000E+00,1.349875E-02,0.000000E+00,1.187683E+03,0.000000E+00,6.997365E-02,0.000000E+00,1.991776E+02,0.000000E+00,1.177148E-02,0.000000E+00,1.816279E+02,0.000000E+00,1.074942E-02,0.000000E+00,1.134412E+02,0.000000E+00,6.712236E-03,0.000000E+00,2.132893E+02,0.000000E+00,1.261354E-02,0.000000E+00,1.390725E+03,0.000000E+00,8.191307E-02,0.000000E+00,1.623903E+02,0.000000E+00,9.612569E-03,0.000000E+00,1.172143E+02,0.000000E+00,6.929898E-03,0.000000E+00,9.592950E+01,0.000000E+00,5.678088E-03
01:10:00,0.000000E+00,2.358675E+02,0.000000E+00,1.394016E-02,0.000000E+00,1.615851E+03,0.000000E+00,9.515237E-02,0.000000E+00,2.490180E+02,0.000000E+00,1.470186E-02,0.000000E+00,2.274463E+02,0.000000E+00,1.344340E-02,0.000000E+00,1.134412E+02,0.000000E+00,6.712236E-03,0.000000E+00,2.225375E+02,0.000000E+00,1.315737E-02,0.000000E+00,1.879401E+03,0.000000E+00,1.106505E-01,0.000000E+00,2.085360E+02,0.000000E+00,1.232570E-02,0.000000E+00,1.507989E+02,0.000000E+00,8.904519E-03,0.000000E+00,9.592950E+01,0.000000E+00,5.678088E-03
01:20:00,0.000000E+00,2.727987E+02,0.000000E+00,1.611154E-02,0.000000E+00,1.958401E+03,0.000000E+00,1.152677E-01,0.000000E+00,3.233109E+02,0.000000E+00,1.907019E-02,0.000000E+00,2.873200E+02,0.000000E+00,1.696401E-02,0.000000E+00,2.453183E+02,0.000000E+00,1.447992E-02,0.000000E+00,2.650417E+02,0.000000E+00,1.565642E-02,0.000000E+00,2.244162E+03,0.000000E+00,1.320777E-01,0.000000E+00,2.833616E+02,0.000000E+00,1.672532E-02,0.000000E+00,2.014932E+02,0.000000E+00,1.188528E-02,0.000000E+00,2.275531E+02,0.000000E+00,1.343854E-02
01:30:00,0.000000E+00,3.316394E+02,0.000000E+00,1.957125E-02,0.000000E+00,2.346299E+03,0.000000E+00,1.379840E-01,0.000000E+00,3.961246E+02,0.000000E+00,2.335027E-02,0.000000E+00,3.227214E+02,0.000000E+00,1.900258E-02,0.000000E+00,2.731953E+02,0.000000E+00,1.611958E-02,0.000000E+00,3.326699E+02,0.000000E+00,1.963283E-02,0.000000E+00,2.671931E+03,0.000000E+00,1.571380E-01,0.000000E+00,3.716421E+02,0.000000E+00,2.191394E-02,0.000000E+00,2.547232E+02,0.000000E+00,1.501487E-02,0.000000E+00,2.574014E+02,0.000000E+00,1.519419E-02
01:40:00,0.000000E+00,3.396405E+02,0.000000E+00,2.002292E-02,0.000000E+00,2.628738E+03,0.000000E+00,1.546018E-01,0.000000E+00,5.068709E+02,0.000000E+00,2.986260E-02,0.000000E+00,4.032497E+02,0.000000E+00,2.373810E-02,0.000000E+00,2.850125E+02,0.000000E+00,1.680610E-02,0.000000E+00,3.632679E+02,0.000000E+00,2.141602E-02,0.000000E+00,2.997031E+03,0.000000E+00,1.762672E-01,0.000000E+00,4.891204E+02,0.000000E+00,2.882213E-02,0.000000E+00,3.305455E+02,0.000000E+00,1.947355E-02,0.000000E+00,2.841911E+02,0.000000E+00,1.676636E-02
01:50:00,0.000000E+00,4.320704E+02,0.000000E+00,2.545807E-02,0.000000E+00,2.861675E+03,0.000000E+00,1.683109E-01,0.000000E+00,4.701007E+02,0.000000E+00,2.764301E-02,0.000000E+00,3.728062E+02,0.000000E+00,2.192233E-02,0.000000E+00,3.343104E+02,0.000000E+00,1.970487E-02,0.000000E+00,4.690421E+02,0.000000E+00,2.763592E-02,0.000000E+00,3.264500E+03,0.000000E+00,1.920101E-01,0.000000E+00,4.775607E+02,0.000000E+00,2.808164E-02,0.000000E+00,3.203448E+02,0.000000E+00,1.883707E-02,0.000000E+00,3.385551E+02,0.000000E+00,1.996303E-02
02:00:00,0.000000E+00,3.783271E+02,0.000000E+00,2.224624E-02,0.000000E+00,3.058412E+03,0.000000E+00,1.798922E-01,0.000000E+00,5.902716E+02,0.000000E+00,3.471020E-02,0.000000E+00,4.403988E+02,0.000000E+00,2.589763E-02,0.000000E+00,3.061201E+02,0.000000E+00,1.801386E-02,0.000000E+00,4.339351E+02,0.000000E+00,2.551626E-02,0.000000E+00,3.486694E+03,0.000000E+00,2.050915E-01,0.000000E+00,6.169816E+02,0.000000E+00,3.628084E-02,0.000000E+00,4.024469E+02,0.000000E+00,2.366546E-02,0.000000E+00,3.227080E+02,0.000000E+00,1.899702E-02
02:10:00,0.000000E+00,4.879961E+02,0.000000E+00,2.869560E-02,0.000000E+00,3.226771E+03,0.000000E+00,1.898057E-01,0.000000E+00,6.873386E+02,0.000000E+00,4.041950E-02,0.000000E+00,4.948785E+02,0.000000E+00,2.910233E-02,0.000000E+00,3.706886E+02,0.000000E+00,2.181083E-02,0.000000E+00,5.576646E+02,0.000000E+00,3.279255E-02,0.000000E+00,3.671955E+03,0.000000E+00,2.160023E-01,0.000000E+00,7.291638E+02,0.000000E+00,4.287903E-02,0.000000E+00,4.680718E+02,0.000000E+00,2.752538E-02,0.000000E+00,3.940572E+02,0.000000E+00,2.319274E-02
02:20:00,0.000000E+00,5.785119E+02,0.000000E+00,3.401928E-02,0.000000E+00,3.373351E+03,0.000000E+00,1.984357E-01,0.000000E+00,7.691147E+02,0.000000E+00,4.522991E-02,0.000000E+00,5.401484E+02,0.000000E+00,3.176552E-02,0.000000E+00,3.096244E+02,0.000000E+00,1.820745E-02,0.000000E+00,6.590402E+02,0.000000E+00,3.875502E-02,0.000000E+00,3.827851E+03,0.000000E+00,2.251825E-01,0.000000E+00,8.225313E+02,0.000000E+00,4.837118E-02,0.000000E+00,5.220743E+02,0.000000E+00,3.070202E-02,0.000000E+00,3.405067E+02,0.000000E+00,2.002354E-02
02:30:00,0.000000E+00,6.562807E+02,0.000000E+00,3.859367E-02,0.000000E+00,3.502196E+03,0.000000E+00,2.060219E-01,0.000000E+00,8.390897E+02,0.000000E+00,4.934652E-02,0.000000E+00,5.782886E+02,0.000000E+00,3.400948E-02,0.000000E+00,3.580777E+02,0.000000E+00,2.105667E-02,0.000000E+00,7.447728E+02,0.000000E+00,4.379791E-02,0.000000E+00,3.958970E+03,0.000000E+00,2.329044E-01,0.000000E+00,9.010143E+02,0.000000E+00,5.298821E-02,0.000000E+00,5.668888E+02,0.000000E+00,3.333841E-02,0.000000E+00,3.945291E+02,0.000000E+00,2.320021E-02
02:40:00,0.000000E+00,7.240979E+02,0.000000E+00,4.258307E-02,0.000000E+00,3.616361E+03,0.000000E+00,2.127441E-01,0.000000E+00,8.998151E+02,0.000000E+00,5.291926E-02,0.000000E+00,6.108455E+02,0.000000E+00,3.592509E-02,0.000000E+00,3.997101E+02,0.000000E+00,2.350552E-02,0.000000E+00,8.180313E+02,0.000000E+00,4.810741E-02,0.000000E+00,4.070389E+03,0.000000E+00,2.394669E-01,0.000000E+00,9.676494E+02,0.000000E+00,5.690853E-02,1.308300E+01,6.044010E+02,6.598190E-04,3.554539E-02,9.777949E+00,4.400733E+02,4.937578E-04,2.587914E-02
02:50:00,0.000000E+00,7.840301E+02,0.000000E+00,4.610888E-02,0.000000E+00,3.718046E+03,0.000000E+00,2.187315E-01,0.000000E+00,9.531938E+02,0.000000E+00,5.605994E-02,0.000000E+00,6.389861E+02,0.000000E+00,3.758092E-02,0.000000E+00,4.361016E+02,0.000000E+00,2.564627E-02,0.000000E+00,8.812858E+02,0.000000E+00,5.182867E-02,0.000000E+00,4.165641E+03,0.000000E+00,2.450774E-01,0.000000E+00,1.024781E+03,0.000000E+00,6.026993E-02,3.582190E+01,6.360713E+02,1.806631E-03,3.740876E-02,2.983597E+01,4.790381E+02,1.505369E-03,2.817123E-02
03:00:00,0.000000E+00,8.376895E+02,0.000000E+00,4.926584E-02,0.000000E+00,3.808661E+03,0.000000E+00,2.240674E-01,0.000000E+00,1.000727E+03,0.000000E+00,5.885681E-02,0.000000E+00,6.636298E+02,0.000000E+00,3.903105E-02,0.000000E+00,4.683736E+02,0.000000E+00,2.754480E-02,4.668982E+00,9.365049E+02,2.362497E-04,5.507736E-02,0.000000E+00,4.249777E+03,0.000000E+00,2.500329E-01,1.385584E+01,1.074277E+03,6.995730E-04,6.318220E-02,6.693443E+01,6.630564E+02,3.375742E-03,3.899652E-02,5.849539E+01,5.127638E+02,2.950765E-03,3.015525E-02
03:10:00,0.000000E+00,8.860882E+02,0.000000E+00,5.211342E-02,0.000000E+00,3.890360E+03,0.000000E+00,2.288787E-01,0.000000E+00,1.043355E+03,0.000000E+00,6.136511E-02,0.000000E+00,6.853521E+02,0.000000E+00,4.030930E-02,0.000000E+00,4.972120E+02,0.000000E+00,2.924143E-02,2.605866E+01,9.849861E+02,1.315028E-03,5.792974E-02,0.000000E+00,4.325603E+03,0.000000E+00,2.544978E-01,4.166452E+01,1.117356E+03,2.102083E-03,6.571693E-02,1.057117E+02,6.861000E+02,5.331394E-03,4.035242E-02,9.500100E+01,5.421153E+02,4.791854E-03,3.188202E-02
03:20:00,0.000000E+00,9.301043E+02,0.000000E+00,5.470323E-02,0.000000E+00,3.964432E+03,0.000000E+00,2.332406E-01,0.000000E+00,1.081900E+03,0.000000E+00,6.363320E-02,0.000000E+00,7.046610E+02,0.000000E+00,4.144553E-02,0.000000E+00,5.232059E+02,0.000000E+00,3.077076E-02,6.069292E+01,1.027861E+03,3.061768E-03,6.045235E-02,0.000000E+00,4.395351E+03,0.000000E+00,2.586038E-01,8.130224E+01,1.155075E+03,4.101158E-03,6.793633E-02,1.514303E+02,7.057981E+02,7.637100E-03,4.151149E-02,1.385104E+02,5.678451E+02,6.986150E-03,3.339577E-02
03:30:00,0.000000E+00,9.704565E+02,0.000000E+00,5.707752E-02,0.000000E+00,4.031924E+03,0.000000E+00,2.372148E-01,0.000000E+00,1.117037E+03,0.000000E+00,6.570078E-02,0.000000E+00,7.219722E+02,0.000000E+00,4.246422E-02,0.000000E+00,5.468355E+02,0.000000E+00,3.216103E-02,1.067327E+02,1.066049E+03,5.383713E-03,6.269919E-02,0.000000E+00,4.461064E+03,0.000000E+00,2.624712E-01,1.318037E+02,1.188249E+03,6.648109E-03,6.988835E-02,2.034588E+02,7.228798E+02,1.026101E-02,4.251663E-02,1.884151E+02,5.905632E+02,9.502953E-03,3.473236E-02
03:40:00,0.000000E+00,1.007715E+03,0.000000E+00,5.926980E-02,0.000000E+00,4.093876E+03,0.000000E+00,2.408627E-01,0.000000E+00,1.149302E+03,0.000000E+00,6.759935E-02,8.223457E-01,7.376141E+02,4.159908E-05,4.338467E-02,0.000000E+00,5.684810E+02,0.000000E+00,3.343459E-02,1.631329E+02,1.100271E+03,8.228145E-03,6.471270E-02,0.000000E+00,4.522565E+03,0.000000E+00,2.660897E-01,1.922265E+02,1.217659E+03,9.695407E-03,7.161891E-02,2.481647E+02,7.377998E+02,1.251558E-02,4.339455E-02,2.343772E+02,6.107498E+02,1.182027E-02,3.592003E-02
03:50:00,0.000000E+00,1.042333E+03,0.000000E+00,6.130673E-02,0.000000E+00,4.151810E+03,0.000000E+00,2.442736E-01,0.000000E+00,1.179119E+03,0.000000E+00,6.935387E-02,9.719412E+00,7.518447E+02,4.903185E-04,4.422206E-02,4.986400E+00,5.884451E+02,2.518099E-04,3.460923E-02,2.289617E+02,1.131075E+03,1.154807E-02,6.652514E-02,0.000000E+00,4.580626E+03,0.000000E+00,2.695058E-01,2.617305E+02,1.244021E+03,1.320067E-02,7.317006E-02,2.884960E+02,7.509347E+02,1.454949E-02,4.416742E-02,2.754052E+02,6.287705E+02,1.388931E-02,3.698028E-02
04:00:00,0.000000E+00,1.074671E+03,0.000000E+00,6.320944E-02,0.000000E+00,4.207125E+03,0.000000E+00,2.475295E-01,0.000000E+00,1.206823E+03,0.000000E+00,7.098404E-02,2.468635E+01,7.648657E+02,1.245163E-03,4.498827E-02,1.689771E+01,6.069683E+02,8.525496E-04,3.569910E-02,2.987608E+02,1.158930E+03,1.506742E-02,6.816407E-02,0.000000E+00,4.635988E+03,0.000000E+00,2.727624E-01,3.257363E+02,1.267835E+03,1.642782E-02,7.457126E-02,3.253205E+02,7.625855E+02,1.640652E-02,4.485295E-02,3.127549E+02,6.449623E+02,1.577284E-02,3.793293E-02
04:10:00,0.000000E+00,1.105163E+03,0.000000E+00,6.500356E-02,0.000000E+00,4.259685E+03,0.000000E+00,2.506224E-01,0.000000E+00,1.232827E+03,0.000000E+00,7.251416E-02,4.499656E+01,7.769308E+02,2.269485E-03,4.569822E-02,3.439170E+01,6.243422E+02,1.734841E-03,3.672133E-02,3.598062E+02,1.184573E+03,1.814600E-02,6.967284E-02,0.000000E+00,4.689367E+03,0.000000E+00,2.759016E-01,3.835242E+02,1.289672E+03,1.934211E-02,7.585612E-02,3.589864E+02,7.731259E+02,1.810423E-02,4.547313E-02,3.468143E+02,6.597746E+02,1.749041E-02,3.880441E-02
04:20:00,0.000000E+00,1.134067E+03,0.000000E+00,6.670428E-02,0.000000E+00,4.309815E+03,0.000000E+00,2.535721E-01,1.511124E+00,1.257370E+03,7.640678E-05,7.395827E-02,7.022291E+01,7.881605E+02,3.541739E-03,4.635901E-02,5.694143E+01,6.407405E+02,2.872107E-03,3.768616E-02,4.149968E+02,1.208411E+03,2.092928E-02,7.107531E-02,0.000000E+00,4.741549E+03,0.000000E+00,2.789699E-01,4.366797E+02,1.309961E+03,2.202275E-02,7.704990E-02,3.899004E+02,7.828855E+02,1.966315E-02,4.604737E-02,3.781041E+02,6.734641E+02,1.906828E-02,3.960981E-02
04:30:00,4.055294E+00,1.161573E+03,2.049077E-04,6.832265E-02,0.000000E+00,4.357773E+03,0.000000E+00,2.563940E-01,1.441449E+01,1.280619E+03,7.271819E-04,7.532624E-02,1.000227E+02,7.987173E+02,5.044639E-03,4.698023E-02,8.417146E+01,6.562904E+02,4.245410E-03,3.860107E-02,4.656719E+02,1.230758E+03,2.348481E-02,7.239010E-02,0.000000E+00,4.793383E+03,0.000000E+00,2.820172E-01,4.856993E+02,1.329038E+03,2.449477E-02,7.817228E-02,4.184130E+02,7.918534E+02,2.110096E-02,4.657498E-02,4.069483E+02,6.862297E+02,2.052282E-02,4.036085E-02
04:40:00,1.860255E+01,1.187829E+03,9.385911E-04,6.986747E-02,0.000000E+00,4.403542E+03,0.000000E+00,2.590870E-01,3.571479E+01,1.302699E+03,1.801445E-03,7.662543E-02,1.332799E+02,8.087195E+02,6.721772E-03,4.756877E-02,1.157697E+02,6.710935E+02,5.839008E-03,3.947203E-02,5.124394E+02,1.251882E+03,2.584324E-02,7.363289E-02,0.000000E+00,4.846010E+03,0.000000E+00,2.851104E-01,5.311138E+02,1.347081E+03,2.678497E-02,7.923383E-02,4.448208E+02,8.001872E+02,2.243261E-02,4.706533E-02,4.336514E+02,6.982379E+02,2.186937E-02,4.106731E-02
04:50:00,4.114208E+01,1.212954E+03,2.075352E-03,7.134576E-02,0.000000E+00,4.446376E+03,0.000000E+00,2.616075E-01,6.444617E+01,1.323671E+03,3.250480E-03,7.785942E-02,1.624777E+02,8.182586E+02,8.194285E-03,4.813006E-02,1.464733E+02,6.852308E+02,7.387148E-03,4.030381E-02,5.558438E+02,1.272027E+03,2.803206E-02,7.481804E-02,0.000000E+00,4.900018E+03,0.000000E+00,2.882840E-01,5.733988E+02,1.364129E+03,2.891733E-02,8.023684E-02,4.693698E+02,8.079733E+02,2.367053E-02,4.752343E-02,4.584691E+02,7.096406E+02,2.312083E-02,4.173814E-02
05:00:00,7.083465E+01,1.237044E+03,3.572862E-03,7.276312E-02,0.000000E+00,4.485502E+03,0.000000E+00,2.639105E-01,1.000402E+02,1.343724E+03,5.045618E-03,7.903939E-02,1.893780E+02,8.274130E+02,9.550911E-03,4.866870E-02,1.740920E+02,6.987672E+02,8.780008E-03,4.110023E-02,5.963267E+02,1.291356E+03,3.007352E-02,7.595516E-02,0.000000E+00,4.953723E+03,0.000000E+00,2.914397E-01,6.129511E+02,1.380324E+03,3.091186E-02,8.118963E-02,4.922534E+02,8.154133E+02,2.482446E-02,4.796120E-02,4.816045E+02,7.205095E+02,2.428746E-02,4.237756E-02
05:10:00,1.560536E+03,2.698676E+03,9.186767E-02,1.819269E-01,9.624091E+02,6.601969E+03,6.103189E-02,4.246058E-01,1.594887E+03,2.758061E+03,9.367656E-02,1.847054E-01,1.078668E+03,1.678169E+03,6.245838E-02,1.122558E-01,1.067237E+03,1.600967E+03,6.190329E-02,1.084463E-01,2.074551E+03,2.706562E+03,1.188540E-01,1.814537E-01,1.391818E+03,7.522407E+03,8.761441E-02,4.911401E-01,2.080771E+03,2.771908E+03,1.190420E-01,1.850822E-01,1.356835E+03,1.655720E+03,7.687553E-02,1.106186E-01,1.350785E+03,1.593435E+03,7.661892E-02,1.073622E-01
05:20:00,2.609973E+03,3.805588E+03,1.659581E-01,2.854878E-01,1.626674E+03,8.487861E+03,1.079344E-01,6.126749E-01,2.649622E+03,3.875720E+03,1.681713E-01,2.897632E-01,1.750682E+03,2.390069E+03,1.104115E-01,1.790569E-01,1.738337E+03,2.300007E+03,1.097378E-01,1.734560E-01,3.188574E+03,3.934822E+03,1.993148E-01,2.960149E-01,2.284687E+03,9.641206E+03,1.506582E-01,7.019388E-01,3.197033E+03,4.015429E+03,1.997209E-01,3.014466E-01,2.069334E+03,2.444424E+03,1.287236E-01,1.841484E-01,2.062362E+03,2.366618E+03,1.283648E-01,1.790352E-01
05:30:00,3.503736E+03,4.748508E+03,2.291276E-01,3.747616E-01,2.202426E+03,1.006814E+04,1.485872E-01,7.741154E-01,3.541629E+03,4.826160E+03,2.313957E-01,3.802310E-01,2.319210E+03,2.994977E+03,1.511426E-01,2.365031E-01,2.306103E+03,2.895860E+03,1.503632E-01,2.294670E-01,4.132217E+03,4.987450E+03,2.678708E-01,3.952464E-01,3.060067E+03,1.141900E+04,2.054064E-01,8.830286E-01,4.143204E+03,5.079089E+03,2.685122E-01,4.020930E-01,2.672298E+03,3.119235E+03,1.729076E-01,2.477102E-01,2.664473E+03,3.029642E+03,1.724523E-01,2.410862E-01
05:40:00,4.325076E+03,5.646327E+03,2.874030E-01,4.601403E-01,2.737222E+03,1.152124E+04,1.863481E-01,9.244796E-01,4.363410E+03,5.708710E+03,2.898385E-01,4.647733E-01,2.841689E+03,3.555707E+03,1.887139E-01,2.900761E-01,2.827776E+03,3.507281E+03,1.878275E-01,2.868977E-01,4.994874E+03,5.970059E+03,3.308488E-01,4.883592E-01,3.779288E+03,1.301378E+04,2.561892E-01,1.048192E+00,5.008587E+03,6.051079E+03,3.317365E-01,4.946950E-01,3.222176E+03,3.735588E+03,2.134234E-01,3.061279E-01,3.213509E+03,3.689954E+03,2.128733E-01,3.029295E-01
05:50:00,5.092125E+03,6.525679E+03,3.420110E-01,5.439805E-01,3.239083E+03,1.288465E+04,2.217836E-01,1.067066E+00,5.131484E+03,6.544816E+03,3.446439E-01,5.452872E-01,3.328739E+03,4.086366E+03,2.238681E-01,3.410260E-01,3.313995E+03,4.184180E+03,2.228745E-01,3.501573E-01,5.791971E+03,6.912518E+03,3.893267E-01,5.779963E-01,4.451245E+03,1.447086E+04,3.036349E-01,1.201437E+00,5.808611E+03,6.956299E+03,3.904726E-01,5.814572E-01,3.729204E+03,4.309650E+03,2.509871E-01,3.608334E-01,3.719689E+03,4.397897E+03,2.503424E-01,3.690129E-01
06:00:00,5.816798E+03,7.396280E+03,3.937740E-01,6.271444E-01,3.714521E+03,1.418500E+04,2.553534E-01,1.204207E+00,5.857454E+03,7.347714E+03,3.966174E-01,6.229495E-01,3.788014E+03,4.595762E+03,2.571389E-01,3.901349E-01,3.772413E+03,4.957355E+03,2.560377E-01,4.219657E-01,6.536435E+03,7.828994E+03,4.442069E-01,6.654145E-01,5.084383E+03,1.582567E+04,3.483395E-01,1.345903E+00,6.556166E+03,7.812589E+03,4.456207E-01,6.639623E-01,4.201909E+03,4.852857E+03,2.861938E-01,4.128444E-01,4.191530E+03,5.187876E+03,2.854543E-01,4.423754E-01
06:10:00,5.053727E+03,6.820068E+03,3.567827E-01,6.018725E-01,3.205973E+03,1.335977E+04,2.263678E-01,1.178927E+00,5.096392E+03,6.735008E+03,3.597952E-01,5.943532E-01,3.360620E+03,4.249943E+03,2.372533E-01,3.750428E-01,3.340822E+03,4.936112E+03,2.358553E-01,4.356131E-01,5.797513E+03,7.328152E+03,4.092875E-01,6.466843E-01,4.293492E+03,1.458932E+04,3.031555E-01,1.287367E+00,5.830095E+03,7.260137E+03,4.115883E-01,6.406733E-01,3.803417E+03,4.542193E+03,2.685124E-01,4.008232E-01,3.787796E+03,5.202001E+03,2.674093E-01,4.590586E-01
06:20:00,4.708684E+03,6.587006E+03,3.324265E-01,5.813078E-01,2.977836E+03,1.273046E+04,2.102595E-01,1.123434E+00,4.751639E+03,6.403909E+03,3.354595E-01,5.651408E-01,3.130399E+03,4.032669E+03,2.210022E-01,3.558735E-01,3.111062E+03,5.214842E+03,2.196368E-01,4.602082E-01,5.384889E+03,6.995572E+03,3.801615E-01,6.173446E-01,3.974762E+03,1.374642E+04,2.806506E-01,1.213022E+00,5.417910E+03,6.831874E+03,3.824932E-01,6.028925E-01,3.532579E+03,4.267420E+03,2.493942E-01,3.765831E-01,3.517207E+03,5.408320E+03,2.483088E-01,4.772678E-01
06:30:00,4.497028E+03,6.503348E+03,3.174994E-01,5.738630E-01,2.823354E+03,1.238178E+04,1.993518E-01,1.092571E+00,4.539927E+03,6.229663E+03,3.205285E-01,5.497043E-01,2.986645E+03,3.914334E+03,2.108640E-01,3.453942E-01,2.967534E+03,5.696726E+03,2.095146E-01,5.026885E-01,5.110702E+03,6.821209E+03,3.608243E-01,6.018952E-01,3.750969E+03,1.320249E+04,2.648489E-01,1.164944E+00,5.144059E+03,6.566847E+03,3.631797E-01,5.794440E-01,3.350763E+03,4.094725E+03,2.365709E-01,3.613052E-01,3.335543E+03,5.819216E+03,2.354962E-01,5.134836E-01
06:40:00,4.332197E+03,6.448013E+03,3.058714E-01,5.689470E-01,2.697269E+03,1.214127E+04,1.904491E-01,1.071297E+00,4.374878E+03,6.116710E+03,3.088851E-01,5.397064E-01,2.874369E+03,3.834141E+03,2.029433E-01,3.382995E-01,2.855457E+03,6.265220E+03,2.016079E-01,5.528273E-01,4.890294E+03,6.699472E+03,3.452746E-01,5.911217E-01,3.564239E+03,1.280910E+04,2.516643E-01,1.130193E+00,4.923938E+03,6.382498E+03,3.476502E-01,5.631473E-01,3.204635E+03,3.971855E+03,2.262611E-01,3.504450E-01,3.189525E+03,6.325130E+03,2.251942E-01,5.581017E-01
06:50:00,4.200883E+03,6.393194E+03,2.966051E-01,5.640956E-01,2.593425E+03,1.197403E+04,1.831169E-01,1.056521E+00,4.243262E+03,6.046324E+03,2.995975E-01,5.334839E-01,2.784808E+03,3.779693E+03,1.966231E-01,3.334884E-01,2.766062E+03,6.868097E+03,1.952995E-01,6.060081E-01,4.712133E+03,6.600381E+03,3.327016E-01,5.823663E-01,3.408523E+03,1.252607E+04,2.406695E-01,1.105208E+00,4.745977E+03,6.258078E+03,3.350912E-01,5.521589E-01,3.086525E+03,3.885283E+03,2.179256E-01,3.428003E-01,3.071444E+03,6.874365E+03,2.168607E-01,6.065517E-01
07:00:00,4.093881E+03,6.329820E+03,2.890530E-01,5.584976E-01,2.506814E+03,1.185417E+04,1.770015E-01,1.045939E+00,4.135917E+03,6.007015E+03,2.920211E-01,5.300120E-01,2.711844E+03,3.743630E+03,1.914732E-01,3.303045E-01,2.693237E+03,7.468785E+03,1.901594E-01,6.589980E-01,4.566280E+03,6.510524E+03,3.224064E-01,5.744341E-01,3.277712E+03,1.232021E+04,2.314332E-01,1.087044E+00,4.600248E+03,6.178726E+03,3.248048E-01,5.451558E-01,2.989886E+03,3.825618E+03,2.111040E-01,3.375349E-01,2.974864E+03,7.430988E+03,2.100433E-01,6.556564E-01
07:10:00,4.005191E+03,6.261476E+03,2.827926E-01,5.524644E-01,2.433812E+03,1.176213E+04,1.718470E-01,1.037818E+00,4.046870E+03,5.988308E+03,2.857354E-01,5.283613E-01,2.651432E+03,3.719836E+03,1.872086E-01,3.282052E-01,2.632944E+03,8.063629E+03,1.859032E-01,7.114722E-01,4.445678E+03,6.428054E+03,3.138927E-01,5.671566E-01,3.167119E+03,1.216556E+04,2.236244E-01,1.073403E+00,4.479701E+03,6.131362E+03,3.162950E-01,5.409780E-01,2.910040E+03,3.785182E+03,2.054672E-01,3.339681E-01,2.895069E+03,7.989459E+03,2.044100E-01,7.049238E-01
07:20:00,3.930582E+03,6.196874E+03,2.775256E-01,5.467629E-01,2.371672E+03,1.168286E+04,1.674593E-01,1.030826E+00,3.971907E+03,5.985677E+03,2.804435E-01,5.281301E-01,2.600699E+03,3.706197E+03,1.836270E-01,3.270025E-01,2.582313E+03,8.643966E+03,1.823288E-01,7.626665E-01,4.345011E+03,6.355746E+03,3.067858E-01,5.607768E-01,3.073020E+03,1.204203E+04,2.169803E-01,1.062507E+00,4.379033E+03,6.108892E+03,3.091880E-01,5.389974E-01,2.843458E+03,3.760281E+03,2.007665E-01,3.317723E-01,2.828528E+03,8.541096E+03,1.997123E-01,7.535879E-01
07:30:00,3.866964E+03,6.145024E+03,2.730344E-01,5.421877E-01,2.318276E+03,1.160525E+04,1.636892E-01,1.023979E+00,3.907949E+03,6.000830E+03,2.759282E-01,5.294681E-01,2.557532E+03,3.701303E+03,1.805795E-01,3.265714E-01,2.539236E+03,9.200332E+03,1.792876E-01,8.117457E-01,4.260203E+03,6.298021E+03,3.007983E-01,5.556841E-01,2.992435E+03,1.193452E+04,2.112903E-01,1.053025E+00,4.294179E+03,6.110326E+03,3.031972E-01,5.391259E-01,2.787434E+03,3.748305E+03,1.968109E-01,3.307168E-01,2.772537E+03,9.080620E+03,1.957591E-01,8.011828E-01
07:40:00,3.811955E+03,6.114168E+03,2.691507E-01,5.394655E-01,2.271963E+03,1.152201E+04,1.604191E-01,1.016636E+00,3.852613E+03,6.039856E+03,2.720214E-01,5.329129E-01,2.520296E+03,3.706219E+03,1.779505E-01,3.270060E-01,2.502083E+03,9.719396E+03,1.766645E-01,8.575338E-01,4.188094E+03,6.261064E+03,2.957071E-01,5.524241E-01,2.922959E+03,1.183262E+04,2.063847E-01,1.044037E+00,4.221988E+03,6.138836E+03,2.981003E-01,5.416434E-01,2.739864E+03,3.749181E+03,1.934523E-01,3.307952E-01,2.724996E+03,9.601858E+03,1.924025E-01,8.471640E-01
07:50:00,3.763863E+03,6.104570E+03,2.657553E-01,5.386195E-01,2.231414E+03,1.142999E+04,1.575560E-01,1.008518E+00,3.804212E+03,6.106994E+03,2.686042E-01,5.388381E-01,2.487829E+03,3.718581E+03,1.756582E-01,3.280975E-01,2.469693E+03,1.019007E+04,1.743776E-01,8.990529E-01,4.126124E+03,6.245348E+03,2.913317E-01,5.510386E-01,2.862647E+03,1.173067E+04,2.021262E-01,1.035043E+00,4.159911E+03,6.197087E+03,2.937173E-01,5.467850E-01,2.699046E+03,3.760176E+03,1.905704E-01,3.317665E-01,2.684261E+03,1.010203E+04,1.895264E-01,8.912867E-01
08:00:00,3.721334E+03,6.114990E+03,2.627525E-01,5.395403E-01,2.195578E+03,1.132997E+04,1.550257E-01,9.996931E-01,3.761392E+03,6.206618E+03,2.655809E-01,5.476297E-01,2.459202E+03,3.736659E+03,1.736370E-01,3.296934E-01,2.441134E+03,1.059766E+04,1.723613E-01,9.350056E-01,4.072432E+03,6.250402E+03,2.875407E-01,5.514860E-01,2.809920E+03,1.162745E+04,1.984032E-01,1.025937E+00,4.106090E+03,6.288816E+03,2.899173E-01,5.548803E-01,2.663743E+03,3.779170E+03,1.880777E-01,3.334432E-01,2.648988E+03,1.057058E+04,1.870359E-01,9.326193E-01
08:10:00,3.683313E+03,6.142055E+03,2.600681E-01,5.419298E-01,2.163616E+03,1.122564E+04,1.527689E-01,9.904878E-01,3.723099E+03,6.342589E+03,2.628773E-01,5.596282E-01,2.433685E+03,3.759159E+03,1.718354E-01,3.316792E-01,2.415682E+03,1.093670E+04,1.705642E-01,9.649118E-01,4.025480E+03,6.273518E+03,2.842256E-01,5.535273E-01,2.763487E+03,1.152504E+04,1.951247E-01,1.016902E+00,4.058996E+03,6.417453E+03,2.865921E-01,5.662319E-01,2.632931E+03,3.804168E+03,1.859022E-01,3.356497E-01,2.618200E+03,1.099364E+04,1.848621E-01,9.699392E-01
08:20:00,3.648897E+03,6.179868E+03,2.576381E-01,5.452674E-01,2.134751E+03,1.112164E+04,1.507308E-01,9.813122E-01,3.688426E+03,6.518360E+03,2.604291E-01,5.751383E-01,2.410659E+03,3.785350E+03,1.702096E-01,3.339905E-01,2.392715E+03,1.120750E+04,1.689426E-01,9.887970E-01,3.983955E+03,6.310254E+03,2.812937E-01,5.567700E-01,2.722180E+03,1.142685E+04,1.922081E-01,1.008239E+00,4.017320E+03,6.586504E+03,2.836495E-01,5.811493E-01,2.605742E+03,3.834228E+03,1.839825E-01,3.383025E-01,2.591032E+03,1.136101E+04,1.829438E-01,1.002345E+00
08:30:00,3.617478E+03,6.222903E+03,2.554198E-01,5.490654E-01,2.108495E+03,1.102235E+04,1.488769E-01,9.725516E-01,3.656766E+03,6.731877E+03,2.581937E-01,5.939787E-01,2.389702E+03,3.814673E+03,1.687299E-01,3.365779E-01,2.371813E+03,1.141104E+04,1.674668E-01,1.006750E+00,3.946915E+03,6.355746E+03,2.786785E-01,5.607850E-01,2.685195E+03,1.133633E+04,1.895966E-01,1.000253E+00,3.980125E+03,6.794890E+03,2.810233E-01,5.995371E-01,2.581545E+03,3.868557E+03,1.822740E-01,3.413319E-01,2.566853E+03,1.166535E+04,1.812366E-01,1.029190E+00
08:40:00,3.588576E+03,6.265521E+03,2.533790E-01,5.528261E-01,2.084440E+03,1.093155E+04,1.471784E-01,9.645405E-01,3.627634E+03,6.976766E+03,2.561368E-01,6.155867E-01,2.370477E+03,3.844289E+03,1.673725E-01,3.391911E-01,2.352640E+03,1.155339E+04,1.661130E-01,1.019304E+00,3.913599E+03,6.404454E+03,2.763261E-01,5.650833E-01,2.651858E+03,1.125664E+04,1.872428E-01,9.932227E-01,3.946650E+03,7.038209E+03,2.786597E-01,6.210067E-01,2.559830E+03,3.904395E+03,1.807407E-01,3.444942E-01,2.545155E+03,1.190591E+04,1.797046E-01,1.050410E+00
08:50:00,3.561787E+03,6.308960E+03,2.514876E-01,5.566588E-01,2.062237E+03,1.085210E+04,1.456107E-01,9.575318E-01,3.600627E+03,7.248960E+03,2.542300E-01,6.396032E-01,2.352707E+03,3.875048E+03,1.661177E-01,3.419049E-01,2.334919E+03,1.164283E+04,1.648618E-01,1.027191E+00,3.883376E+03,6.456537E+03,2.741921E-01,5.696789E-01,2.621590E+03,1.119023E+04,1.851056E-01,9.873642E-01,3.916267E+03,7.313383E+03,2.765145E-01,6.452864E-01,2.540176E+03,3.942151E+03,1.793530E-01,3.478254E-01,2.525517E+03,1.207893E+04,1.783180E-01,1.065670E+00
09:00:00,3.536792E+03,6.354071E+03,2.497227E-01,5.606387E-01,2.041600E+03,1.078482E+04,1.441536E-01,9.515967E-01,3.575423E+03,7.544478E+03,2.524504E-01,6.656771E-01,2.336167E+03,3.907377E+03,1.649499E-01,3.447571E-01,2.318425E+03,1.169452E+04,1.636972E-01,1.031748E+00,3.855736E+03,6.512115E+03,2.722405E-01,5.745826E-01,2.593914E+03,1.113766E+04,1.831515E-01,9.827270E-01,3.888469E+03,7.616747E+03,2.745517E-01,6.720529E-01,2.522244E+03,3.982026E+03,1.780869E-01,3.513434E-01,2.507600E+03,1.218930E+04,1.770529E-01,1.075404E+00
09:10:00,3.513330E+03,6.403539E+03,2.480662E-01,5.649981E-01,2.022296E+03,1.072756E+04,1.427906E-01,9.465365E-01,3.551763E+03,7.856447E+03,2.507798E-01,6.931960E-01,2.320678E+03,3.942909E+03,1.638563E-01,3.478890E-01,2.302981E+03,1.170382E+04,1.626067E-01,1.032563E+00,3.830266E+03,6.573231E+03,2.704422E-01,5.799697E-01,2.568434E+03,1.109666E+04,1.813524E-01,9.791014E-01,3.862843E+03,7.941817E+03,2.727423E-01,7.007280E-01,2.505756E+03,4.025486E+03,1.769227E-01,3.551749E-01,2.491127E+03,1.223616E+04,1.758898E-01,1.079530E+00
09:20:00,3.491196E+03,6.455427E+03,2.465033E-01,5.695651E-01,2.004135E+03,1.067933E+04,1.415082E-01,9.422617E-01,3.529437E+03,8.181730E+03,2.492034E-01,7.218804E-01,2.306097E+03,3.980281E+03,1.628267E-01,3.511797E-01,2.288442E+03,1.167670E+04,1.615801E-01,1.030159E+00,3.806632E+03,6.637906E+03,2.687734E-01,5.856648E-01,2.544824E+03,1.106611E+04,1.796853E-01,9.763865E-01,3.839054E+03,8.285197E+03,2.710627E-01,7.310092E-01,2.490490E+03,4.071255E+03,1.758448E-01,3.592062E-01,2.475874E+03,1.223032E+04,1.748128E-01,1.079003E+00
09:30:00,3.470219E+03,6.508141E+03,2.450222E-01,5.742044E-01,1.986961E+03,1.063810E+04,1.402956E-01,9.386039E-01,3.508276E+03,8.516860E+03,2.477093E-01,7.514314E-01,2.292304E+03,4.018448E+03,1.618529E-01,3.545402E-01,2.274690E+03,1.161544E+04,1.606092E-01,1.024743E+00,3.784560E+03,6.704462E+03,2.672150E-01,5.915249E-01,2.522812E+03,1.104391E+04,1.781311E-01,9.744072E-01,3.816832E+03,8.643094E+03,2.694936E-01,7.625688E-01,2.476263E+03,4.118321E+03,1.748403E-01,3.633516E-01,2.461659E+03,1.217847E+04,1.738092E-01,1.074415E+00
09:40:00,3.450345E+03,6.561072E+03,2.436189E-01,5.788627E-01,1.970735E+03,1.060230E+04,1.391499E-01,9.354250E-01,3.488224E+03,8.858581E+03,2.462935E-01,7.815630E-01,2.279257E+03,4.057020E+03,1.609317E-01,3.579363E-01,2.261681E+03,1.151973E+04,1.596907E-01,1.016287E+00,3.763897E+03,6.772057E+03,2.657560E-01,5.974768E-01,2.502264E+03,1.102839E+04,1.766802E-01,9.730162E-01,3.796022E+03,9.011715E+03,2.680242E-01,7.950735E-01,2.462966E+03,4.166220E+03,1.739014E-01,3.675705E-01,2.448375E+03,1.208393E+04,1.728712E-01,1.066062E+00
09:50:00,3.431425E+03,6.613738E+03,2.422831E-01,5.834974E-01,1.955314E+03,1.057072E+04,1.380611E-01,9.326184E-01,3.469134E+03,9.203877E+03,2.449456E-01,8.120092E-01,2.266856E+03,4.095691E+03,1.600560E-01,3.613410E-01,2.249317E+03,1.138928E+04,1.588176E-01,1.004768E+00,3.744432E+03,6.840010E+03,2.643817E-01,6.034599E-01,2.482955E+03,1.101819E+04,1.753169E-01,9.720957E-01,3.776414E+03,9.387443E+03,2.666398E-01,8.282044E-01,2.450462E+03,4.214567E+03,1.730186E-01,3.718287E-01,2.435883E+03,1.194897E+04,1.719892E-01,1.054144E+00
10:00:00,3.413341E+03,6.665734E+03,2.410062E-01,5.880732E-01,1.940583E+03,1.054241E+04,1.370209E-01,9.300994E-01,3.450885E+03,9.549928E+03,2.436570E-01,8.425214E-01,2.255019E+03,4.134201E+03,1.592203E-01,3.647316E-01,2.237516E+03,1.122414E+04,1.579844E-01,9.901871E-01,3.725996E+03,6.907750E+03,2.630800E-01,6.094243E-01,2.464705E+03,1.101223E+04,1.740283E-01,9.715487E-01,3.757838E+03,9.766793E+03,2.653282E-01,8.616543E-01,2.438638E+03,4.263030E+03,1.721837E-01,3.760971E-01,2.424071E+03,1.177536E+04,1.711552E-01,1.038816E+00
10:10:00,3.396009E+03,6.713178E+03,2.397825E-01,5.922519E-01,1.926463E+03,1.051740E+04,1.360240E-01,9.278817E-01,3.433392E+03,9.896080E+03,2.424220E-01,8.730482E-01,2.243689E+03,4.169992E+03,1.584203E-01,3.678850E-01,2.226220E+03,1.103426E+04,1.571868E-01,9.734296E-01,3.708462E+03,6.971771E+03,2.618419E-01,6.150652E-01,2.447379E+03,1.101042E+04,1.728049E-01,9.713765E-01,3.740169E+03,1.014821E+04,2.640806E-01,8.952918E-01,2.427410E+03,4.309291E+03,1.713909E-01,3.801741E-01,2.412854E+03,1.157317E+04,1.703632E-01,1.020972E+00
10:20:00,3.379362E+03,6.757303E+03,2.386070E-01,5.961437E-01,1.912893E+03,1.049405E+04,1.350658E-01,9.258206E-01,3.416589E+03,1.023895E+04,2.412356E-01,9.032937E-01,2.232820E+03,4.203877E+03,1.576528E-01,3.708738E-01,2.215383E+03,1.081502E+04,1.564216E-01,9.540870E-01,3.691725E+03,7.032732E+03,2.606602E-01,6.204423E-01,2.430865E+03,1.101100E+04,1.716389E-01,9.714267E-01,3.723301E+03,1.052781E+04,2.628896E-01,9.287772E-01,2.416706E+03,4.353832E+03,1.706351E-01,3.841030E-01,2.402161E+03,1.133954E+04,1.696082E-01,1.000360E+00
10:30:00,3.363342E+03,6.799075E+03,2.374759E-01,5.998287E-01,1.899820E+03,1.047200E+04,1.341427E-01,9.238760E-01,3.400419E+03,1.057600E+04,2.400938E-01,9.330269E-01,2.222371E+03,4.236451E+03,1.569151E-01,3.737473E-01,2.204966E+03,1.056552E+04,1.556861E-01,9.320762E-01,3.675699E+03,7.091286E+03,2.595286E-01,6.256077E-01,2.415071E+03,1.101349E+04,1.705237E-01,9.716467E-01,3.707147E+03,1.090240E+04,2.617490E-01,9.618221E-01,2.406469E+03,4.397068E+03,1.699123E-01,3.879171E-01,2.391935E+03,1.107428E+04,1.688862E-01,9.769589E-01
10:40:00,3.347822E+03,6.838524E+03,2.363801E-01,6.033087E-01,1.887112E+03,1.045092E+04,1.332455E-01,9.220164E-01,3.384752E+03,1.090503E+04,2.389876E-01,9.620525E-01,2.212260E+03,4.267718E+03,1.562012E-01,3.765056E-01,2.194886E+03,1.028782E+04,1.549744E-01,9.075783E-01,3.660244E+03,7.147395E+03,2.584374E-01,6.305576E-01,2.399829E+03,1.101743E+04,1.694475E-01,9.719940E-01,3.691567E+03,1.126927E+04,2.606490E-01,9.941868E-01,2.396610E+03,4.438958E+03,1.692162E-01,3.916125E-01,2.382087E+03,1.077950E+04,1.681908E-01,9.509539E-01
10:50:00,3.332795E+03,6.875625E+03,2.353191E-01,6.065816E-01,1.874771E+03,1.043049E+04,1.323741E-01,9.202139E-01,3.369582E+03,1.122393E+04,2.379165E-01,9.901846E-01,2.202481E+03,4.297653E+03,1.555106E-01,3.791463E-01,2.185136E+03,9.984588E+03,1.542860E-01,8.808281E-01,3.645327E+03,7.201006E+03,2.573842E-01,6.352870E-01,2.385111E+03,1.102238E+04,1.684082E-01,9.724312E-01,3.676530E+03,1.162582E+04,2.595873E-01,1.025640E+00,2.387105E+03,4.479455E+03,1.685451E-01,3.951850E-01,2.372592E+03,1.045780E+04,1.675204E-01,9.225740E-01
11:00:00,3.318255E+03,6.910355E+03,2.342924E-01,6.096454E-01,1.862796E+03,1.041045E+04,1.315286E-01,9.184460E-01,3.354903E+03,1.153072E+04,2.368800E-01,1.017249E+00,2.193025E+03,4.326226E+03,1.548430E-01,3.816670E-01,2.175709E+03,9.658860E+03,1.536204E-01,8.520932E-01,3.630920E+03,7.252076E+03,2.563669E-01,6.397922E-01,2.370888E+03,1.102799E+04,1.674040E-01,9.729262E-01,3.662006E+03,1.196962E+04,2.585618E-01,1.055969E+00,2.377932E+03,4.518513E+03,1.678974E-01,3.986306E-01,2.363429E+03,1.011211E+04,1.668734E-01,8.920783E-01
11:10:00,3.304178E+03,6.942338E+03,2.332985E-01,6.124669E-01,1.851166E+03,1.039060E+04,1.307074E-01,9.166943E-01,3.340691E+03,1.182313E+04,2.358765E-01,1.043044E+00,2.183878E+03,4.353170E+03,1.541972E-01,3.840439E-01,2.166590E+03,9.313504E+03,1.529765E-01,8.216270E-01,3.616984E+03,7.300178E+03,2.553829E-01,6.440357E-01,2.357120E+03,1.103395E+04,1.664319E-01,9.734519E-01,3.647956E+03,1.229798E+04,2.575698E-01,1.084936E+00,2.369067E+03,4.555829E+03,1.672715E-01,4.019225E-01,2.354574E+03,9.745135E+03,1.662482E-01,8.597050E-01
11:20:00,3.290542E+03,6.971534E+03,2.323356E-01,6.150424E-01,1.839863E+03,1.037076E+04,1.299093E-01,9.149443E-01,3.326923E+03,1.209938E+04,2.349044E-01,1.067414E+00,2.175023E+03,4.378435E+03,1.535719E-01,3.862727E-01,2.157761E+03,8.951603E+03,1.523531E-01,7.897010E-01,3.603488E+03,7.345242E+03,2.544300E-01,6.480111E-01,2.343772E+03,1.104000E+04,1.654894E-01,9.739852E-01,3.634349E+03,1.260881E+04,2.566090E-01,1.112356E+00,2.360488E+03,4.591329E+03,1.666658E-01,4.050542E-01,2.346004E+03,9.360026E+03,1.656431E-01,8.257318E-01
11:30:00,3.277324E+03,6.997962E+03,2.314024E-01,6.173737E-01,1.828869E+03,1.035081E+04,1.291331E-01,9.131842E-01,3.313577E+03,1.235792E+04,2.339621E-01,1.090221E+00,2.166445E+03,4.402006E+03,1.529663E-01,3.883520E-01,2.149210E+03,8.576507E+03,1.517493E-01,7.566110E-01,3.590403E+03,7.387255E+03,2.535061E-01,6.517172E-01,2.330813E+03,1.104590E+04,1.645743E-01,9.745061E-01,3.621158E+03,1.290035E+04,2.556776E-01,1.138074E+00,2.352176E+03,4.624975E+03,1.660789E-01,4.080224E-01,2.337702E+03,8.960102E+03,1.650569E-01,7.904516E-01
11:40:00,3.264508E+03,7.021671E+03,2.304975E-01,6.194653E-01,1.818169E+03,1.033064E+04,1.283776E-01,9.114054E-01,3.300636E+03,1.259734E+04,2.330484E-01,1.111341E+00,2.158133E+03,4.423883E+03,1.523794E-01,3.902819E-01,2.140922E+03,8.192228E+03,1.511642E-01,7.227110E-01,3.577706E+03,7.426229E+03,2.526096E-01,6.551554E-01,2.318217E+03,1.105148E+04,1.636850E-01,9.749979E-01,3.608357E+03,1.317089E+04,2.547738E-01,1.161940E+00,2.344116E+03,4.656743E+03,1.655098E-01,4.108248E-01,2.329650E+03,8.549404E+03,1.644884E-01,7.542208E-01
11:50:00,3.252074E+03,7.042735E+03,2.296196E-01,6.213235E-01,1.807750E+03,1.031020E+04,1.276419E-01,9.096018E-01,3.288082E+03,1.281639E+04,2.321620E-01,1.130665E+00,2.150074E+03,4.444076E+03,1.518104E-01,3.920633E-01,2.132887E+03,7.804584E+03,1.505969E-01,6.885140E-01,3.565376E+03,7.462206E+03,2.517391E-01,6.583292E-01,2.305962E+03,1.105656E+04,1.628197E-01,9.754467E-01,3.595927E+03,1.341899E+04,2.538961E-01,1.183827E+00,2.336293E+03,4.686621E+03,1.649574E-01,4.134606E-01,2.321836E+03,8.133722E+03,1.639366E-01,7.175504E-01
12:00:00,3.240008E+03,7.061586E+03,2.287676E-01,6.229864E-01,1.797599E+03,1.029015E+04,1.269251E-01,9.078329E-01,3.275898E+03,1.301427E+04,2.313017E-01,1.148121E+00,2.142258E+03,4.462802E+03,1.512585E-01,3.937152E-01,2.125094E+03,7.423139E+03,1.500466E-01,6.548637E-01,3.553395E+03,7.495582E+03,2.508931E-01,6.612735E-01,2.294030E+03,1.106175E+04,1.619772E-01,9.759038E-01,3.583848E+03,1.364374E+04,2.530433E-01,1.203653E+00,2.328695E+03,4.714802E+03,1.644209E-01,4.159467E-01,2.314246E+03,7.722405E+03,1.634007E-01,6.812648E-01
12:10:00,3.228294E+03,7.078349E+03,2.279405E-01,6.244739E-01,1.787705E+03,1.026969E+04,1.262265E-01,9.060448E-01,3.264070E+03,1.319018E+04,2.304666E-01,1.163650E+00,2.134673E+03,4.480115E+03,1.507230E-01,3.952478E-01,2.117532E+03,7.063517E+03,1.495127E-01,6.231430E-01,3.541746E+03,7.526488E+03,2.500706E-01,6.640090E-01,2.282403E+03,1.106618E+04,1.611562E-01,9.763119E-01,3.572104E+03,1.384426E+04,2.522141E-01,1.221353E+00,2.321311E+03,4.741346E+03,1.638996E-01,4.182937E-01,2.306870E+03,7.330528E+03,1.628800E-01,6.466985E-01
12:20:00,3.216919E+03,7.093237E+03,2.271374E-01,6.257981E-01,1.778058E+03,1.024894E+04,1.255454E-01,9.042343E-01,3.252585E+03,1.334342E+04,2.296556E-01,1.177184E+00,2.127312E+03,4.502917E+03,1.502032E-01,3.972660E-01,2.110193E+03,6.745070E+03,1.489945E-01,5.950563E-01,3.530415E+03,7.555112E+03,2.492706E-01,6.665454E-01,2.271066E+03,1.106987E+04,1.603558E-01,9.766584E-01,3.560682E+03,1.401979E+04,2.514076E-01,1.236853E+00,2.314132E+03,4.772017E+03,1.633927E-01,4.210062E-01,2.299700E+03,6.976988E+03,1.623737E-01,6.155158E-01
12:30:00,3.205871E+03,7.106512E+03,2.263572E-01,6.269806E-01,1.768649E+03,1.022815E+04,1.248810E-01,9.024210E-01,3.241428E+03,1.347349E+04,2.288679E-01,1.188674E+00,2.120166E+03,4.546846E+03,1.496986E-01,4.011487E-01,2.103068E+03,6.475483E+03,1.484914E-01,5.712808E-01,3.519390E+03,7.581688E+03,2.484921E-01,6.689018E-01,2.260007E+03,1.107297E+04,1.595749E-01,9.769542E-01,3.549567E+03,1.416978E+04,2.506228E-01,1.250102E+00,2.307150E+03,4.819822E+03,1.628997E-01,4.252311E-01,2.292725E+03,6.671553E+03,1.618812E-01,5.885778E-01
12:40:00,3.195136E+03,7.118463E+03,2.255993E-01,6.280464E-01,1.759470E+03,1.020764E+04,1.242329E-01,9.006326E-01,3.230589E+03,1.358003E+04,2.281025E-01,1.198089E+00,2.113226E+03,4.624817E+03,1.492086E-01,4.080355E-01,2.096149E+03,6.257136E+03,1.480028E-01,5.520262E-01,3.508657E+03,7.606482E+03,2.477343E-01,6.711011E-01,2.249214E+03,1.107573E+04,1.588128E-01,9.772200E-01,3.538749E+03,1.429388E+04,2.498589E-01,1.261066E+00,2.300356E+03,4.896182E+03,1.624200E-01,4.319758E-01,2.285938E+03,6.419245E+03,1.614020E-01,5.663270E-01
12:50:00,3.184704E+03,7.129371E+03,2.248627E-01,6.290202E-01,1.750512E+03,1.018777E+04,1.236004E-01,8.989004E-01,3.220055E+03,1.366284E+04,2.273588E-01,1.205411E+00,2.106486E+03,4.746187E+03,1.487327E-01,4.187520E-01,2.089428E+03,6.089013E+03,1.475283E-01,5.372024E-01,3.498208E+03,7.629761E+03,2.469965E-01,6.731668E-01,2.238676E+03,1.107844E+04,1.580688E-01,9.774811E-01,3.528215E+03,1.439187E+04,2.491152E-01,1.269727E+00,2.293743E+03,5.010369E+03,1.619531E-01,4.420585E-01,2.279333E+03,6.221161E+03,1.609356E-01,5.488599E-01
13:00:00,3.174565E+03,7.139145E+03,2.241468E-01,6.298941E-01,1.741768E+03,1.016817E+04,1.229830E-01,8.971923E-01,3.209817E+03,1.372148E+04,2.266359E-01,1.210599E+00,2.099937E+03,4.917588E+03,1.482703E-01,4.338831E-01,2.082898E+03,5.965359E+03,1.470673E-01,5.263019E-01,3.488031E+03,7.651434E+03,2.462779E-01,6.750907E-01,2.228385E+03,1.108070E+04,1.573421E-01,9.777024E-01,3.517958E+03,1.446333E+04,2.483910E-01,1.276048E+00,2.287305E+03,5.169986E+03,1.614986E-01,4.561498E-01,2.272902E+03,6.073377E+03,1.604816E-01,5.358307E-01
13:10:00,3.164708E+03,7.148203E+03,2.234508E-01,6.306959E-01,1.733231E+03,1.014995E+04,1.223802E-01,8.955890E-01,3.199864E+03,1.375608E+04,2.259331E-01,1.213657E+00,2.093574E+03,5.144381E+03,1.478210E-01,4.538965E-01,2.076553E+03,5.873824E+03,1.466193E-01,5.182305E-01,3.478118E+03,7.671897E+03,2.455780E-01,6.768990E-01,2.218332E+03,1.108355E+04,1.566323E-01,9.779587E-01,3.507966E+03,1.450856E+04,2.476855E-01,1.280044E+00,2.281037E+03,5.381923E+03,1.610560E-01,4.748522E-01,2.266641E+03,5.965353E+03,1.600395E-01,5.263048E-01
13:20:00,3.155123E+03,7.156620E+03,2.227741E-01,6.314391E-01,1.724894E+03,1.013328E+04,1.217916E-01,8.941188E-01,3.190186E+03,1.376658E+04,2.252498E-01,1.214584E+00,2.087389E+03,5.424113E+03,1.473844E-01,4.785793E-01,2.070387E+03,5.797485E+03,1.461839E-01,5.114980E-01,3.468460E+03,7.691248E+03,2.448961E-01,6.786069E-01,2.208509E+03,1.108719E+04,1.559387E-01,9.782805E-01,3.498232E+03,1.452741E+04,2.469982E-01,1.281708E+00,2.274932E+03,5.646539E+03,1.606249E-01,4.982010E-01,2.260542E+03,5.881410E+03,1.596089E-01,5.189017E-01
13:30:00,3.145802E+03,7.164338E+03,2.221160E-01,6.321201E-01,1.716753E+03,1.011815E+04,1.212167E-01,8.927847E-01,3.180775E+03,1.375293E+04,2.245853E-01,1.213380E+00,2.081378E+03,5.744849E+03,1.469599E-01,5.068791E-01,2.064392E+03,5.730060E+03,1.457606E-01,5.055509E-01,3.459049E+03,7.709459E+03,2.442316E-01,6.802137E-01,2.198908E+03,1.109164E+04,1.552608E-01,9.786736E-01,3.488748E+03,1.451998E+04,2.463285E-01,1.281052E+00,2.268985E+03,5.956239E+03,1.602050E-01,5.255270E-01,2.254602E+03,5.813870E+03,1.591895E-01,5.129448E-01
13:40:00,3.136736E+03,7.171205E+03,2.214758E-01,6.327259E-01,1.708800E+03,1.010447E+04,1.206552E-01,8.915781E-01,3.171622E+03,1.371509E+04,2.239390E-01,1.210041E+00,2.075533E+03,6.096732E+03,1.465472E-01,5.379259E-01,2.058565E+03,5.669156E+03,1.453491E-01,5.001786E-01,3.449878E+03,7.726408E+03,2.435841E-01,6.817090E-01,2.189524E+03,1.109684E+04,1.545982E-01,9.791328E-01,3.479506E+03,1.448633E+04,2.456760E-01,1.278082E+00,2.263192E+03,6.304222E+03,1.597960E-01,5.562300E-01,2.248815E+03,5.758199E+03,1.587809E-01,5.080346E-01
13:50:00,3.127917E+03,7.176961E+03,2.208531E-01,6.332337E-01,1.701029E+03,1.009206E+04,1.201065E-01,8.904831E-01,3.162717E+03,1.365309E+04,2.233103E-01,1.204570E+00,2.069850E+03,6.472749E+03,1.461460E-01,5.711011E-01,2.052898E+03,5.613266E+03,1.449490E-01,4.952484E-01,3.440940E+03,7.741901E+03,2.429530E-01,6.830757E-01,2.180349E+03,1.110265E+04,1.539504E-01,9.796452E-01,3.470498E+03,1.442659E+04,2.450400E-01,1.272811E+00,2.257548E+03,6.684879E+03,1.593975E-01,5.898149E-01,2.243177E+03,5.711237E+03,1.583828E-01,5.038923E-01
14:00:00,3.119336E+03,7.181395E+03,2.202473E-01,6.336249E-01,1.693437E+03,1.008070E+04,1.195705E-01,8.894807E-01,3.154054E+03,1.356707E+04,2.226986E-01,1.196980E+00,2.064324E+03,6.867588E+03,1.457558E-01,6.059359E-01,2.047387E+03,5.561255E+03,1.445599E-01,4.906602E-01,3.432228E+03,7.755698E+03,2.423378E-01,6.842929E-01,2.171379E+03,1.110886E+04,1.533170E-01,9.801934E-01,3.461719E+03,1.434101E+04,2.444201E-01,1.265259E+00,2.252048E+03,7.092966E+03,1.590091E-01,6.258190E-01,2.237682E+03,5.670584E+03,1.579948E-01,5.003065E-01
14:10:00,3.110986E+03,7.184063E+03,2.196577E-01,6.338601E-01,1.686018E+03,1.007015E+04,1.190466E-01,8.885506E-01,3.145624E+03,1.345693E+04,2.221034E-01,1.187262E+00,2.058948E+03,7.276346E+03,1.453762E-01,6.419979E-01,2.042027E+03,5.512049E+03,1.441814E-01,4.863195E-01,3.423735E+03,7.767315E+03,2.417382E-01,6.853176E-01,2.162607E+03,1.111526E+04,1.526977E-01,9.807575E-01,3.453162E+03,1.422941E+04,2.438159E-01,1.255413E+00,2.246688E+03,7.522773E+03,1.586307E-01,6.637385E-01,2.232328E+03,5.634264E+03,1.576168E-01,4.971027E-01
14:20:00,3.102861E+03,7.184529E+03,2.190840E-01,6.339011E-01,1.678766E+03,1.006020E+04,1.185345E-01,8.876723E-01,3.137421E+03,1.332301E+04,2.215242E-01,1.175447E+00,2.053719E+03,7.694198E+03,1.450070E-01,6.788615E-01,2.036812E+03,5.464832E+03,1.438132E-01,4.821541E-01,3.415456E+03,7.776394E+03,2.411536E-01,6.861185E-01,2.154029E+03,1.112159E+04,1.520920E-01,9.813164E-01,3.444820E+03,1.409237E+04,2.432269E-01,1.243321E+00,2.241465E+03,7.968264E+03,1.582619E-01,7.030411E-01,2.227110E+03,5.600770E+03,1.572484E-01,4.941481E-01
14:30:00,3.094952E+03,7.182560E+03,2.185256E-01,6.337273E-01,1.671677E+03,1.005060E+04,1.180340E-01,8.868260E-01,3.129437E+03,1.316581E+04,2.209605E-01,1.161577E+00,2.048632E+03,8.116119E+03,1.446478E-01,7.160835E-01,2.031739E+03,5.418947E+03,1.434551E-01,4.781061E-01,3.407384E+03,7.782554E+03,2.405837E-01,6.866618E-01,2.145639E+03,1.112761E+04,1.514996E-01,9.818477E-01,3.436688E+03,1.393035E+04,2.426527E-01,1.229027E+00,2.236374E+03,8.422901E+03,1.579024E-01,7.431499E-01,2.222025E+03,5.568955E+03,1.568893E-01,4.913415E-01
14:40:00,3.087253E+03,7.177891E+03,2.179820E-01,6.333152E-01,1.664747E+03,1.004116E+04,1.175447E-01,8.859930E-01,3.121665E+03,1.298595E+04,2.204117E-01,1.145708E+00,2.043683E+03,8.536847E+03,1.442983E-01,7.532000E-01,2.026803E+03,5.373832E+03,1.431065E-01,4.741261E-01,3.399514E+03,7.785554E+03,2.400280E-01,6.869263E-01,2.137433E+03,1.113307E+04,1.509201E-01,9.823292E-01,3.428759E+03,1.374401E+04,2.420929E-01,1.212587E+00,2.231412E+03,8.879849E+03,1.575521E-01,7.834621E-01,2.217067E+03,5.537904E+03,1.565393E-01,4.886023E-01
14:50:00,3.079759E+03,7.170313E+03,2.174528E-01,6.326464E-01,1.657972E+03,1.003167E+04,1.170663E-01,8.851553E-01,3.114100E+03,1.278419E+04,2.198775E-01,1.127907E+00,2.038866E+03,8.951094E+03,1.439583E-01,7.897442E-01,2.022000E+03,5.329010E+03,1.427674E-01,4.701719E-01,3.391840E+03,7.785106E+03,2.394862E-01,6.868866E-01,2.129405E+03,1.113771E+04,1.503533E-01,9.827388E-01,3.421028E+03,1.353415E+04,2.415471E-01,1.194072E+00,2.226575E+03,9.332297E+03,1.572106E-01,8.233768E-01,2.212235E+03,5.506881E+03,1.561981E-01,4.858655E-01
15:00:00,3.072461E+03,7.159544E+03,2.169376E-01,6.316962E-01,1.651347E+03,1.002193E+04,1.165985E-01,8.842962E-01,3.106734E+03,1.256142E+04,2.193574E-01,1.108253E+00,2.034178E+03,9.353804E+03,1.436273E-01,8.252703E-01,2.017325E+03,5.284070E+03,1.424373E-01,4.662072E-01,3.384357E+03,7.780936E+03,2.389578E-01,6.865185E-01,2.121552E+03,1.114130E+04,1.497989E-01,9.830549E-01,3.413491E+03,1.330170E+04,2.410149E-01,1.173563E+00,2.221860E+03,9.773737E+03,1.568777E-01,8.623198E-01,2.207525E+03,5.475289E+03,1.558655E-01,4.830783E-01
15:10:00,3.065355E+03,7.145179E+03,2.164358E-01,6.304286E-01,1.644868E+03,1.001178E+04,1.161411E-01,8.834006E-01,3.099561E+03,1.231858E+04,2.188510E-01,1.086829E+00,2.029616E+03,9.740244E+03,1.433051E-01,8.593608E-01,2.012774E+03,5.238593E+03,1.421160E-01,4.621951E-01,3.377061E+03,7.772607E+03,2.384427E-01,6.857835E-01,2.113870E+03,1.114359E+04,1.492565E-01,9.832570E-01,3.406141E+03,1.304751E+04,2.404959E-01,1.151136E+00,2.217264E+03,1.019829E+04,1.565531E-01,8.997730E-01,2.202933E+03,5.442543E+03,1.555413E-01,4.801894E-01
15:20:00,3.058435E+03,7.123050E+03,2.159472E-01,6.284761E-01,1.638532E+03,1.000105E+04,1.156937E-01,8.824543E-01,3.092577E+03,1.205818E+04,2.183579E-01,1.063855E+00,2.025174E+03,1.011582E+04,1.429915E-01,8.924923E-01,2.008345E+03,5.189512E+03,1.418033E-01,4.578650E-01,3.369945E+03,7.756285E+03,2.379403E-01,6.843431E-01,2.106354E+03,1.114437E+04,1.487258E-01,9.833256E-01,3.398974E+03,1.277408E+04,2.399899E-01,1.127014E+00,2.212783E+03,1.060938E+04,1.562368E-01,9.360374E-01,2.198457E+03,5.405788E+03,1.552252E-01,4.769468E-01
15:30:00,3.051696E+03,7.095195E+03,2.154714E-01,6.260182E-01,1.632334E+03,9.989612E+03,1.152561E-01,8.814449E-01,3.085775E+03,1.178025E+04,2.178776E-01,1.039334E+00,2.020850E+03,1.047243E+04,1.426862E-01,9.239511E-01,2.004033E+03,5.138086E+03,1.414988E-01,4.533280E-01,3.363006E+03,7.733624E+03,2.374503E-01,6.823435E-01,2.099001E+03,1.114344E+04,1.482066E-01,9.832434E-01,3.391985E+03,1.248169E+04,2.394964E-01,1.101217E+00,2.208414E+03,1.099896E+04,1.559283E-01,9.704051E-01,2.194093E+03,5.365938E+03,1.549171E-01,4.734309E-01
15:40:00,3.045131E+03,7.062660E+03,2.150078E-01,6.231474E-01,1.626271E+03,9.977331E+03,1.148280E-01,8.803613E-01,3.079149E+03,1.148570E+04,2.174098E-01,1.013348E+00,2.016641E+03,1.080497E+04,1.423890E-01,9.532868E-01,1.999834E+03,5.084891E+03,1.412023E-01,4.486349E-01,3.356238E+03,7.705378E+03,2.369725E-01,6.798512E-01,2.091806E+03,1.114061E+04,1.476985E-01,9.829942E-01,3.385170E+03,1.217138E+04,2.390152E-01,1.073840E+00,2.204155E+03,1.136177E+04,1.556276E-01,1.002410E+00,2.189837E+03,5.323390E+03,1.546166E-01,4.696771E-01
15:50:00,3.038736E+03,7.025523E+03,2.145563E-01,6.198707E-01,1.620341E+03,9.964094E+03,1.144092E-01,8.791935E-01,3.072695E+03,1.117621E+04,2.169541E-01,9.860426E-01,2.012541E+03,1.111110E+04,1.420995E-01,9.802920E-01,1.995746E+03,5.029880E+03,1.409137E-01,4.437816E-01,3.349638E+03,7.671603E+03,2.365064E-01,6.768709E-01,2.084766E+03,1.113573E+04,1.472014E-01,9.825635E-01,3.378523E+03,1.184485E+04,2.385459E-01,1.045032E+00,2.200003E+03,1.169494E+04,1.553344E-01,1.031801E+00,2.185689E+03,5.278072E+03,1.543237E-01,4.656788E-01
16:00:00,3.032506E+03,6.983807E+03,2.141164E-01,6.161900E-01,1.614538E+03,9.949808E+03,1.139995E-01,8.779330E-01,3.066408E+03,1.085371E+04,2.165102E-01,9.575901E-01,2.008550E+03,1.138891E+04,1.418177E-01,1.004798E+00,1.991764E+03,4.972994E+03,1.406325E-01,4.387628E-01,3.343200E+03,7.632320E+03,2.360519E-01,6.734048E-01,2.077877E+03,1.112865E+04,1.467150E-01,9.819384E-01,3.372041E+03,1.150416E+04,2.380882E-01,1.014975E+00,2.195954E+03,1.199632E+04,1.550485E-01,1.058386E+00,2.181643E+03,5.229920E+03,1.540381E-01,4.614306E-01
16:10:00,3.026435E+03,6.938009E+03,2.136878E-01,6.121492E-01,1.608861E+03,9.934398E+03,1.135987E-01,8.765733E-01,3.060283E+03,1.052130E+04,2.160777E-01,9.282635E-01,2.004662E+03,1.163711E+04,1.415432E-01,1.026692E+00,1.987887E+03,4.914503E+03,1.403588E-01,4.336024E-01,3.336921E+03,7.588078E+03,2.356085E-01,6.695013E-01,2.071136E+03,1.111925E+04,1.462391E-01,9.811086E-01,3.365718E+03,1.115254E+04,2.376418E-01,9.839538E-01,2.192006E+03,1.226445E+04,1.547697E-01,1.082039E+00,2.177699E+03,5.179244E+03,1.537596E-01,4.569596E-01
16:20:00,3.020521E+03,6.892297E+03,2.132702E-01,6.081160E-01,1.603305E+03,9.917816E+03,1.132064E-01,8.751103E-01,3.054315E+03,1.018080E+04,2.156563E-01,8.982230E-01,2.000875E+03,1.184437E+04,1.412758E-01,1.044975E+00,1.984110E+03,4.857175E+03,1.400921E-01,4.285447E-01,3.330797E+03,7.542595E+03,2.351761E-01,6.654883E-01,2.064539E+03,1.110744E+04,1.457733E-01,9.800666E-01,3.359552E+03,1.079194E+04,2.372064E-01,9.521401E-01,2.188156E+03,1.248916E+04,1.544979E-01,1.101861E+00,2.173853E+03,5.128532E+03,1.534880E-01,4.524855E-01
16:30:00,3.014757E+03,6.844491E+03,2.128632E-01,6.038982E-01,1.597868E+03,9.900036E+03,1.128225E-01,8.735414E-01,3.048499E+03,9.837378E+03,2.152456E-01,8.679251E-01,1.997187E+03,1.201327E+04,1.410154E-01,1.059874E+00,1.980431E+03,4.799475E+03,1.398323E-01,4.234542E-01,3.324823E+03,7.494170E+03,2.347543E-01,6.612158E-01,2.058084E+03,1.109317E+04,1.453175E-01,9.788077E-01,3.353537E+03,1.042742E+04,2.367817E-01,9.199801E-01,2.184402E+03,1.267250E+04,1.542329E-01,1.118033E+00,2.170102E+03,5.076551E+03,1.532232E-01,4.478995E-01
16:40:00,3.009205E+03,6.793504E+03,2.124712E-01,5.993997E-01,1.592622E+03,9.881068E+03,1.124521E-01,8.718679E-01,3.042897E+03,9.496410E+03,2.148501E-01,8.378436E-01,1.993635E+03,1.214246E+04,1.407646E-01,1.071269E+00,1.976888E+03,4.740589E+03,1.395821E-01,4.182591E-01,3.319056E+03,7.441939E+03,2.343471E-01,6.566076E-01,2.051845E+03,1.107645E+04,1.448769E-01,9.773318E-01,3.347731E+03,1.006430E+04,2.363718E-01,8.879450E-01,2.180778E+03,1.281387E+04,1.539770E-01,1.130502E+00,2.166481E+03,5.022644E+03,1.529675E-01,4.431436E-01
16:50:00,3.003771E+03,6.735415E+03,2.120875E-01,5.942747E-01,1.587461E+03,9.861576E+03,1.120877E-01,8.701480E-01,3.037415E+03,9.160368E+03,2.144630E-01,8.081968E-01,1.990160E+03,1.221301E+04,1.405192E-01,1.077490E+00,1.973422E+03,4.677778E+03,1.393374E-01,4.127176E-01,3.313410E+03,7.382427E+03,2.339485E-01,6.513570E-01,2.045711E+03,1.105791E+04,1.444439E-01,9.756963E-01,3.342048E+03,9.705517E+03,2.359705E-01,8.562916E-01,2.177232E+03,1.290842E+04,1.537266E-01,1.138841E+00,2.162938E+03,4.964358E+03,1.527174E-01,4.380013E-01
17:00:00,2.998517E+03,6.672404E+03,2.117165E-01,5.887153E-01,1.582459E+03,9.844306E+03,1.117345E-01,8.686243E-01,3.032114E+03,8.838492E+03,2.140888E-01,7.798000E-01,1.986801E+03,1.221743E+04,1.402821E-01,1.077878E+00,1.970071E+03,4.612414E+03,1.391009E-01,4.069509E-01,3.307945E+03,7.317380E+03,2.335626E-01,6.456178E-01,2.039764E+03,1.104030E+04,1.440240E-01,9.741426E-01,3.336546E+03,9.359936E+03,2.355820E-01,8.258034E-01,2.173799E+03,1.294577E+04,1.534842E-01,1.142134E+00,2.159509E+03,4.902812E+03,1.524752E-01,4.325713E-01
17:10:00,2.993435E+03,6.606897E+03,2.113577E-01,5.829356E-01,1.577609E+03,9.832798E+03,1.113921E-01,8.676091E-01,3.026987E+03,8.540708E+03,2.137268E-01,7.535289E-01,1.983553E+03,1.215792E+04,1.400527E-01,1.072625E+00,1.966831E+03,4.545221E+03,1.388721E-01,4.010227E-01,3.302650E+03,7.248855E+03,2.331888E-01,6.395720E-01,2.033993E+03,1.102715E+04,1.436165E-01,9.729825E-01,3.331216E+03,9.037373E+03,2.352057E-01,7.973462E-01,2.170475E+03,1.291965E+04,1.532495E-01,1.139827E+00,2.156187E+03,4.838615E+03,1.522407E-01,4.269075E-01
17:20:00,2.988501E+03,6.545387E+03,2.110094E-01,5.775087E-01,1.572886E+03,9.830031E+03,1.110585E-01,8.673653E-01,3.022009E+03,8.272372E+03,2.133753E-01,7.298562E-01,1.980400E+03,1.203739E+04,1.398301E-01,1.061989E+00,1.963686E+03,4.476335E+03,1.386500E-01,3.949452E-01,3.297507E+03,7.182351E+03,2.328256E-01,6.337045E-01,2.028373E+03,1.102146E+04,1.432196E-01,9.724807E-01,3.326038E+03,8.743841E+03,2.348401E-01,7.714506E-01,2.167246E+03,1.282697E+04,1.530215E-01,1.131648E+00,2.152961E+03,4.771921E+03,1.520129E-01,4.210234E-01
17:30:00,2.983706E+03,6.493677E+03,2.106708E-01,5.729467E-01,1.568280E+03,9.838014E+03,1.107333E-01,8.680703E-01,3.017172E+03,8.034207E+03,2.130337E-01,7.088456E-01,1.977337E+03,1.185773E+04,1.396139E-01,1.046137E+00,1.960631E+03,4.405887E+03,1.384343E-01,3.887299E-01,3.292506E+03,7.123027E+03,2.324725E-01,6.284706E-01,2.022896E+03,1.102528E+04,1.428329E-01,9.728177E-01,3.321005E+03,8.481332E+03,2.344847E-01,7.482922E-01,2.164108E+03,1.266583E+04,1.528000E-01,1.117430E+00,2.149825E+03,4.702887E+03,1.517915E-01,4.149328E-01
17:40:00,2.978978E+03,6.455328E+03,2.103370E-01,5.695638E-01,1.563711E+03,9.857716E+03,1.104107E-01,8.698094E-01,3.012402E+03,7.824551E+03,2.126969E-01,6.903504E-01,1.974320E+03,1.162178E+04,1.394008E-01,1.025319E+00,1.957621E+03,4.334043E+03,1.382218E-01,3.823915E-01,3.287583E+03,7.074498E+03,2.321249E-01,6.241894E-01,2.017477E+03,1.103963E+04,1.424503E-01,9.740845E-01,3.316049E+03,8.249331E+03,2.341348E-01,7.278256E-01,2.161020E+03,1.243584E+04,1.525820E-01,1.097138E+00,2.146740E+03,4.631702E+03,1.515737E-01,4.086524E-01
17:50:00,2.974402E+03,6.435095E+03,2.100139E-01,5.677794E-01,1.559278E+03,9.888484E+03,1.100977E-01,8.725251E-01,3.007785E+03,7.643284E+03,2.123710E-01,6.743597E-01,1.971399E+03,1.134528E+04,1.391946E-01,1.000924E+00,1.954708E+03,4.263543E+03,1.380161E-01,3.761716E-01,3.282812E+03,7.041859E+03,2.317881E-01,6.213105E-01,2.012219E+03,1.106395E+04,1.420791E-01,9.762309E-01,3.311248E+03,8.048189E+03,2.337958E-01,7.100816E-01,2.158029E+03,1.213787E+04,1.523707E-01,1.070847E+00,2.143751E+03,4.560874E+03,1.513626E-01,4.024036E-01
18:00:00,2.969906E+03,6.429145E+03,2.096964E-01,5.672556E-01,1.554900E+03,9.926579E+03,1.097886E-01,8.758872E-01,3.003250E+03,7.482655E+03,2.120507E-01,6.601899E-01,1.968532E+03,1.103226E+04,1.389921E-01,9.733075E-01,1.951848E+03,4.193104E+03,1.378141E-01,3.699573E-01,3.278128E+03,7.022968E+03,2.314573E-01,6.196446E-01,2.007034E+03,1.109460E+04,1.417129E-01,9.789364E-01,3.306533E+03,7.871113E+03,2.334629E-01,6.944608E-01,2.155093E+03,1.177732E+04,1.521634E-01,1.039038E+00,2.140818E+03,4.489418E+03,1.511555E-01,3.960994E-01
18:10:00,2.965490E+03,6.430438E+03,2.093846E-01,5.673706E-01,1.550576E+03,9.966080E+03,1.094833E-01,8.793732E-01,2.998796E+03,7.332729E+03,2.117362E-01,6.469641E-01,1.965717E+03,1.067940E+04,1.387934E-01,9.421766E-01,1.949040E+03,4.121992E+03,1.376159E-01,3.636834E-01,3.273531E+03,7.012712E+03,2.311327E-01,6.187406E-01,2.001924E+03,1.112579E+04,1.413521E-01,9.816886E-01,3.301907E+03,7.708784E+03,2.331363E-01,6.801408E-01,2.152213E+03,1.135411E+04,1.519601E-01,1.001699E+00,2.137940E+03,4.416732E+03,1.509523E-01,3.896868E-01
18:20:00,2.961171E+03,6.425520E+03,2.090796E-01,5.669374E-01,1.546328E+03,9.999731E+03,1.091834E-01,8.823427E-01,2.994440E+03,7.187225E+03,2.114287E-01,6.341281E-01,1.962966E+03,1.027363E+04,1.385991E-01,9.063780E-01,1.946295E+03,4.050349E+03,1.374221E-01,3.573628E-01,3.269033E+03,7.000236E+03,2.308152E-01,6.176406E-01,1.996907E+03,1.115035E+04,1.409979E-01,9.838565E-01,3.297381E+03,7.554582E+03,2.328167E-01,6.665375E-01,2.149396E+03,1.086513E+04,1.517612E-01,9.585597E-01,2.135125E+03,4.342990E+03,1.507536E-01,3.831809E-01
18:30:00,2.956950E+03,6.398580E+03,2.087816E-01,5.645606E-01,1.542158E+03,1.002049E+04,1.088889E-01,8.841744E-01,2.990183E+03,7.041299E+03,2.111281E-01,6.212544E-01,1.960278E+03,9.798634E+03,1.384093E-01,8.644724E-01,1.943613E+03,3.977183E+03,1.372327E-01,3.509078E-01,3.264636E+03,6.970958E+03,2.305047E-01,6.150577E-01,1.991985E+03,1.116133E+04,1.406504E-01,9.848252E-01,3.292957E+03,7.402800E+03,2.325043E-01,6.531474E-01,2.146643E+03,1.030435E+04,1.515668E-01,9.090850E-01,2.132374E+03,4.267336E+03,1.505593E-01,3.765063E-01
18:40:00,2.952825E+03,6.334949E+03,2.084904E-01,5.589414E-01,1.538066E+03,1.002167E+04,1.086000E-01,8.842689E-01,2.986024E+03,6.894075E+03,2.108344E-01,6.082615E-01,1.957653E+03,9.230272E+03,1.382240E-01,8.143262E-01,1.940994E+03,3.903231E+03,1.370478E-01,3.443809E-01,3.260337E+03,6.908798E+03,2.302012E-01,6.095684E-01,1.987157E+03,1.115208E+04,1.403095E-01,9.839988E-01,3.288632E+03,7.251380E+03,2.321990E-01,6.397844E-01,2.143952E+03,9.655984E+03,1.513768E-01,8.518810E-01,2.129685E+03,4.190388E+03,1.503695E-01,3.697151E-01
18:50:00,2.948797E+03,6.227264E+03,2.082059E-01,5.494302E-01,1.534053E+03,1.000014E+04,1.083166E-01,8.823479E-01,2.981963E+03,6.744776E+03,2.105477E-01,5.950804E-01,1.955090E+03,8.574030E+03,1.380430E-01,7.564245E-01,1.938437E+03,3.828466E+03,1.368673E-01,3.377794E-01,3.256137E+03,6.804042E+03,2.299046E-01,6.003154E-01,1.982423E+03,1.111937E+04,1.399752E-01,9.810908E-01,3.284407E+03,7.098750E+03,2.319006E-01,6.263093E-01,2.141324E+03,8.928642E+03,1.511912E-01,7.877071E-01,2.127059E+03,4.112109E+03,1.501840E-01,3.628033E-01
19:00:00,2.944863E+03,6.078734E+03,2.079282E-01,5.363151E-01,1.530116E+03,9.954021E+03,1.080386E-01,8.782574E-01,2.977997E+03,6.591643E+03,2.102677E-01,5.815608E-01,1.952588E+03,7.867724E+03,1.378664E-01,6.941068E-01,1.935941E+03,3.751521E+03,1.366910E-01,3.309855E-01,3.252033E+03,6.657359E+03,2.296148E-01,5.873631E-01,1.977781E+03,1.106127E+04,1.396474E-01,9.759424E-01,3.280278E+03,6.942702E+03,2.316091E-01,6.125323E-01,2.138756E+03,8.160682E+03,1.510100E-01,7.199504E-01,2.124493E+03,4.031220E+03,1.500029E-01,3.556612E-01
19:10:00,2.941022E+03,5.911245E+03,2.076570E-01,5.215276E-01,1.526256E+03,9.885455E+03,1.077661E-01,8.721862E-01,2.974125E+03,6.441414E+03,2.099943E-01,5.682975E-01,1.950146E+03,7.168124E+03,1.376940E-01,6.323814E-01,1.933505E+03,3.676180E+03,1.365190E-01,3.243331E-01,3.248023E+03,6.487119E+03,2.293317E-01,5.723325E-01,1.973230E+03,1.097977E+04,1.393261E-01,9.687286E-01,3.276246E+03,6.789068E+03,2.313244E-01,5.989684E-01,2.136249E+03,7.411517E+03,1.508329E-01,6.538527E-01,2.121987E+03,3.951201E+03,1.498260E-01,3.485960E-01
19:20:00,2.937271E+03,5.739107E+03,2.073921E-01,5.063305E-01,1.522470E+03,9.800764E+03,1.074988E-01,8.646924E-01,2.970344E+03,6.297724E+03,2.097274E-01,5.556113E-01,1.947763E+03,6.513578E+03,1.375257E-01,5.746314E-01,1.931127E+03,3.604164E+03,1.363511E-01,3.179743E-01,3.244106E+03,6.305848E+03,2.290552E-01,5.563291E-01,1.968770E+03,1.088098E+04,1.390112E-01,9.599901E-01,3.272307E+03,6.641153E+03,2.310463E-01,5.859091E-01,2.133800E+03,6.716470E+03,1.506600E-01,5.925299E-01,2.119540E+03,3.873723E+03,1.496532E-01,3.417550E-01
19:30:00,2.933610E+03,5.575356E+03,2.071336E-01,4.918737E-01,1.518759E+03,9.708408E+03,1.072368E-01,8.565227E-01,2.966654E+03,6.165118E+03,2.094668E-01,5.439030E-01,1.945437E+03,5.935452E+03,1.373615E-01,5.236235E-01,1.928807E+03,3.537494E+03,1.361873E-01,3.120870E-01,3.240281E+03,6.126893E+03,2.287851E-01,5.405305E-01,1.964398E+03,1.077321E+04,1.387025E-01,9.504596E-01,3.268460E+03,6.503298E+03,2.307747E-01,5.737373E-01,2.131409E+03,6.102653E+03,1.504912E-01,5.383738E-01,2.117151E+03,3.800988E+03,1.494845E-01,3.353324E-01
19:40:00,2.930035E+03,5.432724E+03,2.068812E-01,4.792926E-01,1.515121E+03,9.615730E+03,1.069799E-01,8.483500E-01,2.963051E+03,6.044053E+03,2.092124E-01,5.332251E-01,1.943167E+03,5.470525E+03,1.372012E-01,4.826105E-01,1.926542E+03,3.475886E+03,1.360274E-01,3.066535E-01,3.236545E+03,5.964977E+03,2.285213E-01,5.262480E-01,1.960114E+03,1.066380E+04,1.384000E-01,9.408113E-01,3.264703E+03,6.376550E+03,2.305094E-01,5.625579E-01,2.129075E+03,5.602847E+03,1.503264E-01,4.942836E-01,2.114818E+03,3.733076E+03,1.493198E-01,3.293427E-01
19:50:00,2.926545E+03,5.319307E+03,2.066348E-01,4.692958E-01,1.511554E+03,9.527921E+03,1.067280E-01,8.406211E-01,2.959535E+03,5.935500E+03,2.089641E-01,5.236577E-01,1.940953E+03,5.127069E+03,1.370449E-01,4.523176E-01,1.924332E+03,3.419978E+03,1.358713E-01,3.017265E-01,3.232896E+03,5.830291E+03,2.282636E-01,5.143749E-01,1.955916E+03,1.055810E+04,1.381036E-01,9.315043E-01,3.261034E+03,6.262048E+03,2.302504E-01,5.524659E-01,2.126796E+03,5.225097E+03,1.501655E-01,4.609654E-01,2.112541E+03,3.670769E+03,1.491590E-01,3.238514E-01
20:00:00,2.923138E+03,5.234993E+03,2.063942E-01,4.618670E-01,1.508057E+03,9.449529E+03,1.064811E-01,8.337244E-01,2.956102E+03,5.841634E+03,2.087217E-01,5.153866E-01,1.938791E+03,4.880405E+03,1.368922E-01,4.305640E-01,1.922175E+03,3.371640E+03,1.357190E-01,2.974677E-01,3.229333E+03,5.724460E+03,2.280121E-01,5.050482E-01,1.951802E+03,1.046082E+04,1.378131E-01,9.229423E-01,3.257452E+03,6.162002E+03,2.299974E-01,5.436499E-01,2.124571E+03,4.947396E+03,1.500084E-01,4.364735E-01,2.110317E+03,3.615989E+03,1.490020E-01,3.190245E-01
20:10:00,2.919812E+03,5.164265E+03,2.061594E-01,4.556368E-01,1.504630E+03,9.382165E+03,1.062391E-01,8.278011E-01,2.952751E+03,5.757142E+03,2.084851E-01,5.079424E-01,1.936682E+03,4.684203E+03,1.367433E-01,4.132620E-01,1.920071E+03,3.327953E+03,1.355704E-01,2.936192E-01,3.225854E+03,5.634338E+03,2.277664E-01,4.971074E-01,1.947771E+03,1.037390E+04,1.375285E-01,9.152942E-01,3.253954E+03,6.071813E+03,2.297505E-01,5.357035E-01,2.122399E+03,4.727488E+03,1.498550E-01,4.170799E-01,2.108147E+03,3.566285E+03,1.488487E-01,3.146453E-01
20:20:00,2.916565E+03,5.101044E+03,2.059301E-01,4.500688E-01,1.501269E+03,9.324892E+03,1.060018E-01,8.227682E-01,2.949480E+03,5.679420E+03,2.082542E-01,5.010954E-01,1.934624E+03,4.519307E+03,1.365980E-01,3.987215E-01,1.918017E+03,3.287482E+03,1.354254E-01,2.900544E-01,3.222456E+03,5.554373E+03,2.275265E-01,4.900625E-01,1.943821E+03,1.029677E+04,1.372496E-01,9.085103E-01,3.250538E+03,5.989095E+03,2.295093E-01,5.284160E-01,2.120279E+03,4.546198E+03,1.497053E-01,4.010932E-01,2.106028E+03,3.520405E+03,1.486991E-01,3.106035E-01
20:30:00,2.913395E+03,5.043408E+03,2.057063E-01,4.449935E-01,1.497975E+03,9.275207E+03,1.057692E-01,8.184048E-01,2.946286E+03,5.606950E+03,2.080287E-01,4.947118E-01,1.932615E+03,4.377845E+03,1.364562E-01,3.862484E-01,1.916013E+03,3.249580E+03,1.352839E-01,2.867162E-01,3.219138E+03,5.482042E+03,2.272922E-01,4.836911E-01,1.939951E+03,1.022729E+04,1.369763E-01,9.024016E-01,3.247204E+03,5.912310E+03,2.292738E-01,5.216520E-01,2.118209E+03,4.394156E+03,1.495592E-01,3.876868E-01,2.103959E+03,3.477511E+03,1.485530E-01,3.068251E-01
20:40:00,2.910300E+03,4.990704E+03,2.054878E-01,4.403459E-01,1.494746E+03,9.232244E+03,1.055412E-01,8.146188E-01,2.943169E+03,5.539356E+03,2.078086E-01,4.887505E-01,1.930655E+03,4.254889E+03,1.363178E-01,3.754035E-01,1.914057E+03,3.214108E+03,1.351458E-01,2.835879E-01,3.215898E+03,5.416323E+03,2.270635E-01,4.778954E-01,1.936159E+03,1.016481E+04,1.367086E-01,8.968936E-01,3.243947E+03,5.840727E+03,2.290439E-01,5.153390E-01,2.116189E+03,4.265036E+03,1.494165E-01,3.762983E-01,2.101940E+03,3.437344E+03,1.484105E-01,3.032826E-01
20:50:00,2.907278E+03,4.942180E+03,2.052744E-01,4.360657E-01,1.491580E+03,9.194615E+03,1.053177E-01,8.113004E-01,2.940126E+03,5.476038E+03,2.075937E-01,4.831648E-01,1.928743E+03,4.146722E+03,1.361827E-01,3.658621E-01,1.912148E+03,3.180759E+03,1.350110E-01,2.806460E-01,3.212734E+03,5.356167E+03,2.268401E-01,4.725889E-01,1.932443E+03,1.010811E+04,1.364462E-01,8.918931E-01,3.240768E+03,5.773689E+03,2.288194E-01,5.094251E-01,2.114217E+03,4.153996E+03,1.492773E-01,3.665035E-01,2.099968E+03,3.399574E+03,1.482713E-01,2.999507E-01
21:00:00,2.904328E+03,4.897229E+03,2.050661E-01,4.321002E-01,1.488476E+03,9.161217E+03,1.050985E-01,8.083546E-01,2.937155E+03,5.416466E+03,2.073839E-01,4.779094E-01,1.926876E+03,4.050457E+03,1.360509E-01,3.573701E-01,1.910285E+03,3.149267E+03,1.348795E-01,2.778678E-01,3.209645E+03,5.300707E+03,2.266220E-01,4.676963E-01,1.928803E+03,1.005620E+04,1.361892E-01,8.873140E-01,3.237663E+03,5.710617E+03,2.286002E-01,5.038608E-01,2.112291E+03,4.057295E+03,1.491414E-01,3.579733E-01,2.098044E+03,3.363899E+03,1.481354E-01,2.968034E-01
21:10:00,2.901448E+03,4.855165E+03,2.048628E-01,4.283894E-01,1.485433E+03,9.131215E+03,1.048837E-01,8.057081E-01,2.934254E+03,5.360013E+03,2.071791E-01,4.729290E-01,1.925054E+03,3.963858E+03,1.359223E-01,3.497306E-01,1.908466E+03,3.119288E+03,1.347511E-01,2.752229E-01,3.206628E+03,5.249036E+03,2.264090E-01,4.631379E-01,1.925236E+03,1.000828E+04,1.359374E-01,8.830868E-01,3.234632E+03,5.650820E+03,2.283862E-01,4.985853E-01,2.110412E+03,3.971951E+03,1.490087E-01,3.504447E-01,2.096166E+03,3.329930E+03,1.480028E-01,2.938065E-01
21:20:00,2.898636E+03,4.815550E+03,2.046642E-01,4.248945E-01,1.482450E+03,9.103963E+03,1.046730E-01,8.033043E-01,2.931422E+03,5.306274E+03,2.069792E-01,4.681880E-01,1.923276E+03,3.885277E+03,1.357967E-01,3.427983E-01,1.906692E+03,3.090614E+03,1.346258E-01,2.726933E-01,3.203683E+03,5.200537E+03,2.262010E-01,4.588592E-01,1.921741E+03,9.963710E+03,1.356906E-01,8.791549E-01,3.231672E+03,5.593842E+03,2.281772E-01,4.935585E-01,2.108577E+03,3.895838E+03,1.488791E-01,3.437302E-01,2.094332E+03,3.297426E+03,1.478733E-01,2.909389E-01
21:30:00,2.895889E+03,4.778034E+03,2.044703E-01,4.215848E-01,1.479525E+03,9.078958E+03,1.044665E-01,8.010985E-01,2.928657E+03,5.254926E+03,2.067839E-01,4.636579E-01,1.921540E+03,3.813395E+03,1.356742E-01,3.364569E-01,1.904960E+03,3.063086E+03,1.345035E-01,2.702647E-01,3.200806E+03,5.154718E+03,2.259979E-01,4.548170E-01,1.918317E+03,9.921968E+03,1.354488E-01,8.754726E-01,3.228782E+03,5.539317E+03,2.279732E-01,4.887482E-01,2.106786E+03,3.827252E+03,1.487527E-01,3.376798E-01,2.092542E+03,3.266198E+03,1.477469E-01,2.881838E-01
21:40:00,2.893208E+03,4.742327E+03,2.042810E-01,4.184346E-01,1.476658E+03,9.055804E+03,1.042640E-01,7.990559E-01,2.925958E+03,5.205698E+03,2.065933E-01,4.593148E-01,1.919846E+03,3.747150E+03,1.355546E-01,3.306129E-01,1.903269E+03,3.036571E+03,1.343841E-01,2.679254E-01,3.197997E+03,5.111179E+03,2.257995E-01,4.509759E-01,1.914962E+03,9.882632E+03,1.352119E-01,8.720024E-01,3.225960E+03,5.486941E+03,2.277739E-01,4.841274E-01,2.105038E+03,3.764841E+03,1.486292E-01,3.321740E-01,2.090794E+03,3.236087E+03,1.476235E-01,2.855274E-01
21:50:00,2.890589E+03,4.708188E+03,2.040961E-01,4.154228E-01,1.473846E+03,9.034187E+03,1.040655E-01,7.971490E-01,2.923322E+03,5.158362E+03,2.064072E-01,4.551388E-01,1.918192E+03,3.685689E+03,1.354378E-01,3.251909E-01,1.901618E+03,3.010957E+03,1.342676E-01,2.656656E-01,3.195254E+03,5.069588E+03,2.256058E-01,4.473067E-01,1.911675E+03,9.845354E+03,1.349798E-01,8.687138E-01,3.223205E+03,5.436461E+03,2.275794E-01,4.796738E-01,2.103331E+03,3.707527E+03,1.485087E-01,3.271178E-01,2.089088E+03,3.206964E+03,1.475031E-01,2.829580E-01
22:00:00,2.888032E+03,4.675416E+03,2.039155E-01,4.125316E-01,1.471089E+03,9.013858E+03,1.038709E-01,7.953557E-01,2.920748E+03,5.112728E+03,2.062255E-01,4.511127E-01,1.916578E+03,3.628320E+03,1.353238E-01,3.201297E-01,1.900007E+03,2.986150E+03,1.341538E-01,2.634770E-01,3.192575E+03,5.029674E+03,2.254167E-01,4.437853E-01,1.908453E+03,9.809850E+03,1.347523E-01,8.655816E-01,3.220514E+03,5.387662E+03,2.273894E-01,4.753685E-01,2.101665E+03,3.654446E+03,1.483910E-01,3.224350E-01,2.087423E+03,3.178719E+03,1.473855E-01,2.804661E-01
22:10:00,2.885535E+03,4.644053E+03,2.037392E-01,4.097646E-01,1.468386E+03,8.994621E+03,1.036800E-01,7.936586E-01,2.918234E+03,5.068842E+03,2.060480E-01,4.472409E-01,1.915002E+03,3.574618E+03,1.352126E-01,3.153921E-01,1.898435E+03,2.962212E+03,1.340428E-01,2.613651E-01,3.189959E+03,4.991440E+03,2.252320E-01,4.404121E-01,1.905297E+03,9.775888E+03,1.345295E-01,8.625855E-01,3.217886E+03,5.340591E+03,2.272038E-01,4.712157E-01,2.100038E+03,3.605056E+03,1.482762E-01,3.180779E-01,2.085796E+03,3.151412E+03,1.472706E-01,2.780569E-01
22:20:00,2.883096E+03,4.613996E+03,2.035670E-01,4.071128E-01,1.465735E+03,8.976316E+03,1.034928E-01,7.920439E-01,2.915780E+03,5.026602E+03,2.058747E-01,4.435143E-01,1.913464E+03,3.524147E+03,1.351040E-01,3.109396E-01,1.896899E+03,2.939101E+03,1.339344E-01,2.593262E-01,3.187404E+03,4.954743E+03,2.250516E-01,4.371745E-01,1.902204E+03,9.743278E+03,1.343111E-01,8.597086E-01,3.215321E+03,5.295139E+03,2.270227E-01,4.672057E-01,2.098450E+03,3.558830E+03,1.481640E-01,3.139998E-01,2.084209E+03,3.124993E+03,1.471585E-01,2.757261E-01
22:30:00,2.880714E+03,4.585142E+03,2.033988E-01,4.045672E-01,1.463136E+03,8.958821E+03,1.033093E-01,7.905004E-01,2.913383E+03,4.985904E+03,2.057054E-01,4.399237E-01,1.911962E+03,3.476540E+03,1.349979E-01,3.067396E-01,1.895400E+03,2.916774E+03,1.338285E-01,2.573564E-01,3.184908E+03,4.919451E+03,2.248754E-01,4.340609E-01,1.899173E+03,9.711867E+03,1.340971E-01,8.569375E-01,3.212815E+03,5.251200E+03,2.268457E-01,4.633291E-01,2.096899E+03,3.515331E+03,1.480546E-01,3.101623E-01,2.082659E+03,3.099412E+03,1.470491E-01,2.734692E-01
22:40:00,2.878388E+03,4.557405E+03,2.032345E-01,4.021201E-01,1.460587E+03,8.942035E+03,1.031293E-01,7.890195E-01,2.911042E+03,4.946659E+03,2.055401E-01,4.364614E-01,1.910496E+03,3.431491E+03,1.348944E-01,3.027653E-01,1.893937E+03,2.895190E+03,1.337252E-01,2.554521E-01,3.182471E+03,4.885454E+03,2.247033E-01,4.310616E-01,1.896203E+03,9.681529E+03,1.338874E-01,8.542610E-01,3.210368E+03,5.208685E+03,2.266730E-01,4.595782E-01,2.095385E+03,3.474208E+03,1.479477E-01,3.065344E-01,2.081146E+03,3.074628E+03,1.469423E-01,2.712826E-01
22:50:00,2.876115E+03,4.530712E+03,2.030741E-01,3.997652E-01,1.458087E+03,8.925876E+03,1.029528E-01,7.875940E-01,2.908755E+03,4.908789E+03,2.053787E-01,4.331203E-01,1.909065E+03,3.388746E+03,1.347933E-01,2.989944E-01,1.892508E+03,2.874315E+03,1.336243E-01,2.536105E-01,3.180091E+03,4.852663E+03,2.245352E-01,4.281685E-01,1.893292E+03,9.652160E+03,1.336819E-01,8.516699E-01,3.207978E+03,5.167518E+03,2.265042E-01,4.559463E-01,2.093907E+03,3.435175E+03,1.478433E-01,3.030908E-01,2.079668E+03,3.050604E+03,1.468379E-01,2.691631E-01
23:00:00,2.873896E+03,4.505002E+03,2.029174E-01,3.974969E-01,1.455636E+03,8.910277E+03,1.027797E-01,7.862179E-01,2.906522E+03,4.872226E+03,2.052210E-01,4.298946E-01,1.907667E+03,3.348095E+03,1.346947E-01,2.954080E-01,1.891113E+03,2.854121E+03,1.335258E-01,2.518289E-01,3.177766E+03,4.821001E+03,2.243711E-01,4.253752E-01,1.890440E+03,9.623675E+03,1.334805E-01,8.491569E-01,3.205644E+03,5.127637E+03,2.263394E-01,4.524278E-01,2.092464E+03,3.398000E+03,1.477414E-01,2.998111E-01,2.078225E+03,3.027311E+03,1.467361E-01,2.671081E-01
23:10:00,2.871728E+03,4.480008E+03,2.027643E-01,3.952919E-01,1.453231E+03,8.895185E+03,1.026100E-01,7.848864E-01,2.904341E+03,4.836699E+03,2.050670E-01,4.267602E-01,1.906303E+03,3.309217E+03,1.345983E-01,2.919781E-01,1.889751E+03,2.834440E+03,1.334296E-01,2.500925E-01,3.175496E+03,4.790178E+03,2.242108E-01,4.226558E-01,1.887645E+03,9.596002E+03,1.332831E-01,8.467156E-01,3.203364E+03,5.088762E+03,2.261785E-01,4.489981E-01,2.091055E+03,3.362339E+03,1.476419E-01,2.966651E-01,2.076817E+03,3.004572E+03,1.466366E-01,2.651020E-01
23:20:00,2.869610E+03,4.455648E+03,2.026148E-01,3.931427E-01,1.450873E+03,8.880550E+03,1.024435E-01,7.835953E-01,2.902211E+03,4.802119E+03,2.049166E-01,4.237094E-01,1.904970E+03,3.271934E+03,1.345042E-01,2.886890E-01,1.888421E+03,2.815225E+03,1.333357E-01,2.483973E-01,3.173278E+03,4.760096E+03,2.240542E-01,4.200018E-01,1.884906E+03,9.569079E+03,1.330897E-01,8.443404E-01,3.201138E+03,5.050806E+03,2.260213E-01,4.456494E-01,2.089679E+03,3.328009E+03,1.475447E-01,2.936363E-01,2.075441E+03,2.982339E+03,1.465395E-01,2.631404E-01
23:30:00,2.867541E+03,4.431864E+03,2.024687E-01,3.910444E-01,1.448560E+03,8.866332E+03,1.022802E-01,7.823409E-01,2.900129E+03,4.768423E+03,2.047697E-01,4.207366E-01,1.903669E+03,3.236104E+03,1.344124E-01,2.855280E-01,1.887122E+03,2.796444E+03,1.332440E-01,2.467404E-01,3.171111E+03,4.730688E+03,2.239012E-01,4.174073E-01,1.882221E+03,9.542852E+03,1.329001E-01,8.420264E-01,3.198963E+03,5.013707E+03,2.258677E-01,4.423763E-01,2.088335E+03,3.294864E+03,1.474499E-01,2.907122E-01,2.074098E+03,2.960576E+03,1.464446E-01,2.612204E-01
23:40:00,2.865520E+03,4.408609E+03,2.023260E-01,3.889927E-01,1.446292E+03,8.852495E+03,1.021200E-01,7.811202E-01,2.898097E+03,4.735556E+03,2.046261E-01,4.178369E-01,1.902398E+03,3.201606E+03,1.343226E-01,2.824844E-01,1.885853E+03,2.778069E+03,1.331544E-01,2.451193E-01,3.168995E+03,4.701899E+03,2.237518E-01,4.148673E-01,1.879590E+03,9.517270E+03,1.327143E-01,8.397695E-01,3.196839E+03,4.977411E+03,2.257178E-01,4.391740E-01,2.087023E+03,3.262785E+03,1.473572E-01,2.878820E-01,2.072786E+03,2.939256E+03,1.463520E-01,2.593394E-01
23:50:00,2.863545E+03,4.385839E+03,2.021865E-01,3.869838E-01,1.444067E+03,8.839009E+03,1.019629E-01,7.799304E-01,2.896111E+03,4.703469E+03,2.044859E-01,4.150061E-01,1.901157E+03,3.168332E+03,1.342350E-01,2.795489E-01,1.884615E+03,2.760077E+03,1.330670E-01,2.435319E-01,3.166928E+03,4.673678E+03,2.236058E-01,4.123775E-01,1.877011E+03,9.492293E+03,1.325322E-01,8.375660E-01,3.194765E+03,4.941869E+03,2.255713E-01,4.360383E-01,2.085742E+03,3.231671E+03,1.472668E-01,2.851370E-01,2.071505E+03,2.918351E+03,1.462616E-01,2.574951E-01
24:00:00,2.861616E+03,4.363521E+03,2.020503E-01,3.850147E-01,1.441884E+03,8.825848E+03,1.018088E-01,7.787693E-01,2.894171E+03,4.672117E+03,2.043489E-01,4.122401E-01,1.899946E+03,3.136192E+03,1.341495E-01,2.767134E-01,1.883405E+03,2.742446E+03,1.329816E-01,2.419764E-01,3.164908E+03,4.645983E+03,2.234632E-01,4.099341E-01,1.874483E+03,9.467884E+03,1.323538E-01,8.354125E-01,3.192738E+03,4.907040E+03,2.254282E-01,4.329655E-01,2.084491E+03,3.201437E+03,1.471784E-01,2.824697E-01,2.070255E+03,2.897838E+03,1.461733E-01,2.556853E-01
Peak,5.816798E+03,7.396280E+03,3.937740E-01,6.271444E-01,3.714521E+03,1.418500E+04,2.553534E-01,1.204207E+00,5.857454E+03,1.376658E+04,3.966174E-01,1.214584E+00,3.788014E+03,1.221743E+04,2.571389E-01,1.077878E+00,3.772413E+03,1.170382E+04,2.560377E-01,1.032563E+00,6.536435E+03,7.828994E+03,4.442069E-01,6.654145E-01,5.084383E+03,1.582567E+04,3.483395E-01,1.345903E+00,6.556166E+03,1.452741E+04,4.456207E-01,1.281708E+00,4.201909E+03,1.294577E+04,2.861938E-01,1.142134E+00,4.191530E+03,1.223616E+04,2.854543E-01,1.079530E+00

Peak Vol Flow (m3/s),,,3.270485E-01,5.208740E-01,,,2.120834E-01,1.000153E+00,,,3.294101E-01,1.008771E+00,,,2.135664E-01,8.952303E-01,,,2.126518E-01,8.575940E-01,,,3.689355E-01,5.526592E-01,,,2.893130E-01,1.117838E+00,,,3.701097E-01,1.064521E+00,,,2.376979E-01,9.485981E-01,,,2.370837E-01,8.966026E-01
