Time,OFFICE AIRLOOP:DesPer 1:Des Heat Mass Flow [kg/s],OFFICE AIRLOOP:DesPer 1:Des Heat Cap [W],OFFICE AIRLOOP:DesPer 1:Des Cool Mass Flow [kg/s],OFFICE AIRLOOP:DesPer 1:Des Sens Cool Cap [W],OFFICE AIRLOOP:DesPer 1:Des Tot Cool Cap [W],OFFICE AIRLOOP:DesPer 2:Des Heat Mass Flow [kg/s],OFFICE AIRLOOP:DesPer 2:Des Heat Cap [W],OFFICE AIRLOOP:DesPer 2:Des Cool Mass Flow [kg/s],OFFICE AIRLOOP:DesPer 2:Des Sens Cool Cap [W],OFFICE AIRLOOP:DesPer 2:Des Tot Cool Cap [W],OFFICE AIRLOOP:DesPer 3:Des Heat Mass Flow [kg/s],OFFICE AIRLOOP:DesPer 3:Des Heat Cap [W],OFFICE AIRLOOP:DesPer 3:Des Cool Mass Flow [kg/s],OFFICE AIRLOOP:DesPer 3:Des Sens Cool Cap [W],OFFICE AIRLOOP:DesPer 3:Des Tot Cool Cap [W],OFFICE AIRLOOP:DesPer 4:Des Heat Mass Flow [kg/s],OFFICE AIRLOOP:DesPer 4:Des Heat Cap [W],OFFICE AIRLOOP:DesPer 4:Des Cool Mass Flow [kg/s],OFFICE AIRLOOP:DesPer 4:Des Sens Cool Cap [W],OFFICE AIRLOOP:DesPer 4:Des Tot Cool Cap [W],OFFICE AIRLOOP:DesPer 5:Des Heat Mass Flow [kg/s],OFFICE AIRLOOP:DesPer 5:Des Heat Cap [W],OFFICE AIRLOOP:DesPer 5:Des Cool Mass Flow [kg/s],OFFICE AIRLOOP:DesPer 5:Des Sens Cool Cap [W],OFFICE AIRLOOP:DesPer 5:Des Tot Cool Cap [W],OFFICE AIRLOOP:DesPer 6:Des Heat Mass Flow [kg/s],OFFICE AIRLOOP:DesPer 6:Des Heat Cap [W],OFFICE AIRLOOP:DesPer 6:Des Cool Mass Flow [kg/s],OFFICE AIRLOOP:DesPer 6:Des Sens Cool Cap [W],OFFICE AIRLOOP:DesPer 6:Des Tot Cool Cap [W],OFFICE AIRLOOP:DesPer 7:Des Heat Mass Flow [kg/s],OFFICE AIRLOOP:DesPer 7:Des Heat Cap [W],OFFICE AIRLOOP:DesPer 7:Des Cool Mass Flow [kg/s],OFFICE AIRLOOP:DesPer 7:Des Sens Cool Cap [W],OFFICE AIRLOOP:DesPer 7:Des Tot Cool Cap [W]
00:10:00,2.158908E+00,2.527130E+04,2.158908E+00,2.293747E+04,5.358766E+04,2.158908E+00,3.676911E+04,2.158908E+00,1.143966E+04,3.920619E+04,2.158908E+00,3.047786E+04,2.158908E+00,1.773091E+04,6.071347E+04,2.158908E+00,3.091173E+04,2.158908E+00,1.729703E+04,5.914594E+04,2.158908E+00,1.099884E+05,2.158908E+00,0.000000E+00,0.000000E+00,2.158908E+00,8.786057E+04,2.158908E+00,0.000000E+00,0.000000E+00,2.158908E+00,1.067343E+05,2.158908E+00,0.000000E+00,0.000000E+00
00:20:00,2.158908E+00,2.549475E+04,2.158908E+00,2.271402E+04,5.335839E+04,2.158908E+00,3.699255E+04,2.158908E+00,1.121622E+04,3.848824E+04,2.158908E+00,3.070130E+04,2.158908E+00,1.750747E+04,5.990456E+04,2.158908E+00,3.113518E+04,2.158908E+00,1.707359E+04,5.834376E+04,2.158908E+00,1.099884E+05,2.158908E+00,0.000000E+00,0.000000E+00,2.158908E+00,8.786057E+04,2.158908E+00,0.000000E+00,0.000000E+00,2.158908E+00,1.067343E+05,2.158908E+00,0.000000E+00,0.000000E+00
00:30:00,2.158908E+00,2.571820E+04,2.158908E+00,2.249057E+04,5.312916E+04,2.158908E+00,3.721600E+04,2.158908E+00,1.099277E+04,3.777328E+04,2.158908E+00,3.092475E+04,2.158908E+00,1.728402E+04,5.909912E+04,2.158908E+00,3.135863E+04,2.158908E+00,1.685014E+04,5.754501E+04,2.158908E+00,1.099884E+05,2.158908E+00,0.000000E+00,0.000000E+00,2.158908E+00,8.786057E+04,2.158908E+00,0.000000E+00,0.000000E+00,2.158908E+00,1.067343E+05,2.158908E+00,0.000000E+00,0.000000E+00
00:40:00,2.158908E+00,2.594165E+04,2.158908E+00,2.226712E+04,5.289993E+04,2.158908E+00,3.743945E+04,2.158908E+00,1.076932E+04,3.706128E+04,2.158908E+00,3.114820E+04,2.158908E+00,1.706057E+04,5.829713E+04,2.158908E+00,3.158208E+04,2.158908E+00,1.662669E+04,5.674969E+04,2.158908E+00,1.099884E+05,2.158908E+00,0.000000E+00,0.000000E+00,2.158908E+00,8.786057E+04,2.158908E+00,0.000000E+00,0.000000E+00,2.158908E+00,1.067343E+05,2.158908E+00,0.000000E+00,0.000000E+00
00:50:00,2.158908E+00,2.616509E+04,2.158908E+00,2.204367E+04,5.267070E+04,2.158908E+00,3.766290E+04,2.158908E+00,1.054587E+04,3.635223E+04,2.158908E+00,3.137165E+04,2.158908E+00,1.683712E+04,5.749859E+04,2.158908E+00,3.180553E+04,2.158908E+00,1.640324E+04,5.595777E+04,2.158908E+00,1.099884E+05,2.158908E+00,0.000000E+00,0.000000E+00,2.158908E+00,8.786057E+04,2.158908E+00,0.000000E+00,0.000000E+00,2.158908E+00,1.067343E+05,2.158908E+00,0.000000E+00,0.000000E+00
01:00:00,2.158908E+00,2.638854E+04,2.158908E+00,2.182023E+04,5.244148E+04,2.158908E+00,3.788635E+04,2.158908E+00,1.032242E+04,3.564610E+04,2.158908E+00,3.159509E+04,2.158908E+00,1.661367E+04,5.670347E+04,2.158908E+00,3.202897E+04,2.158908E+00,1.617979E+04,5.516923E+04,2.158908E+00,1.099884E+05,2.158908E+00,0.000000E+00,0.000000E+00,2.158908E+00,8.786057E+04,2.158908E+00,0.000000E+00,0.000000E+00,2.158908E+00,1.067343E+05,2.158908E+00,0.000000E+00,0.000000E+00
01:10:00,2.158908E+00,2.653751E+04,2.158908E+00,2.167126E+04,5.228862E+04,2.158908E+00,3.803531E+04,2.158908E+00,1.017346E+04,3.517697E+04,2.158908E+00,3.174406E+04,2.158908E+00,1.646471E+04,5.617527E+04,2.158908E+00,3.217794E+04,2.158908E+00,1.603083E+04,5.464541E+04,2.158908E+00,1.099884E+05,2.158908E+00,0.000000E+00,0.000000E+00,2.158908E+00,8.786057E+04,2.158908E+00,0.000000E+00,0.000000E+00,2.158908E+00,1.067343E+05,2.158908E+00,0.000000E+00,0.000000E+00
01:20:00,2.158908E+00,2.668647E+04,2.158908E+00,2.152230E+04,5.213580E+04,2.158908E+00,3.818428E+04,2.158908E+00,1.002449E+04,3.470914E+04,2.158908E+00,3.189303E+04,2.158908E+00,1.631574E+04,5.564859E+04,2.158908E+00,3.232690E+04,2.158908E+00,1.588186E+04,5.412309E+04,2.158908E+00,1.099884E+05,2.158908E+00,0.000000E+00,0.000000E+00,2.158908E+00,8.786057E+04,2.158908E+00,0.000000E+00,0.000000E+00,2.158908E+00,1.067343E+05,2.158908E+00,0.000000E+00,0.000000E+00
01:30:00,2.158908E+00,2.683544E+04,2.158908E+00,2.137333E+04,5.198298E+04,2.158908E+00,3.833324E+04,2.158908E+00,9.875528E+03,3.424259E+04,2.158908E+00,3.204199E+04,2.158908E+00,1.616678E+04,5.512340E+04,2.158908E+00,3.247587E+04,2.158908E+00,1.573290E+04,5.360224E+04,2.158908E+00,1.099884E+05,2.158908E+00,0.000000E+00,0.000000E+00,2.158908E+00,8.786057E+04,2.158908E+00,0.000000E+00,0.000000E+00,2.158908E+00,1.067343E+05,2.158908E+00,0.000000E+00,0.000000E+00
01:40:00,2.158908E+00,2.698440E+04,2.158908E+00,2.122437E+04,5.183016E+04,2.158908E+00,3.848221E+04,2.158908E+00,9.726563E+03,3.377732E+04,2.158908E+00,3.219096E+04,2.158908E+00,1.601781E+04,5.459972E+04,2.158908E+00,3.262483E+04,2.158908E+00,1.558393E+04,5.308288E+04,2.158908E+00,1.099884E+05,2.158908E+00,0.000000E+00,0.000000E+00,2.158908E+00,8.786057E+04,2.158908E+00,0.000000E+00,0.000000E+00,2.158908E+00,1.067343E+05,2.158908E+00,0.000000E+00,0.000000E+00
01:50:00,2.158908E+00,2.713337E+04,2.158908E+00,2.107540E+04,5.167734E+04,2.158908E+00,3.863117E+04,2.158908E+00,9.577597E+03,3.331332E+04,2.158908E+00,3.233992E+04,2.158908E+00,1.586885E+04,5.407752E+04,2.158908E+00,3.277380E+04,2.158908E+00,1.543497E+04,5.256499E+04,2.158908E+00,1.099884E+05,2.158908E+00,0.000000E+00,0.000000E+00,2.158908E+00,8.786057E+04,2.158908E+00,0.000000E+00,0.000000E+00,2.158908E+00,1.067343E+05,2.158908E+00,0.000000E+00,0.000000E+00
02:00:00,2.158908E+00,2.728233E+04,2.158908E+00,2.092644E+04,5.152452E+04,2.158908E+00,3.878014E+04,2.158908E+00,9.428632E+03,3.285060E+04,2.158908E+00,3.248889E+04,2.158908E+00,1.571988E+04,5.355680E+04,2.158908E+00,3.292277E+04,2.158908E+00,1.528600E+04,5.204857E+04,2.158908E+00,1.099884E+05,2.158908E+00,0.000000E+00,0.000000E+00,2.158908E+00,8.786057E+04,2.158908E+00,0.000000E+00,0.000000E+00,2.158908E+00,1.067343E+05,2.158908E+00,0.000000E+00,0.000000E+00
02:10:00,2.158908E+00,2.739406E+04,2.158908E+00,2.081471E+04,5.140991E+04,2.158908E+00,3.889186E+04,2.158908E+00,9.316908E+03,3.250440E+04,2.158908E+00,3.260061E+04,2.158908E+00,1.560816E+04,5.316724E+04,2.158908E+00,3.303449E+04,2.158908E+00,1.517428E+04,5.166221E+04,2.158908E+00,1.099884E+05,2.158908E+00,0.000000E+00,0.000000E+00,2.158908E+00,8.786057E+04,2.158908E+00,0.000000E+00,0.000000E+00,2.158908E+00,1.067343E+05,2.158908E+00,0.000000E+00,0.000000E+00
02:20:00,2.158908E+00,2.750578E+04,2.158908E+00,2.070299E+04,5.129529E+04,2.158908E+00,3.900358E+04,2.158908E+00,9.205184E+03,3.215890E+04,2.158908E+00,3.271233E+04,2.158908E+00,1.549643E+04,5.277850E+04,2.158908E+00,3.314621E+04,2.158908E+00,1.506256E+04,5.127668E+04,2.158908E+00,1.099884E+05,2.158908E+00,0.000000E+00,0.000000E+00,2.158908E+00,8.786057E+04,2.158908E+00,0.000000E+00,0.000000E+00,2.158908E+00,1.067343E+05,2.158908E+00,0.000000E+00,0.000000E+00
02:30:00,2.158908E+00,2.761751E+04,2.158908E+00,2.059126E+04,5.118064E+04,2.158908E+00,3.911531E+04,2.158908E+00,9.093460E+03,3.181411E+04,2.158908E+00,3.282406E+04,2.158908E+00,1.538471E+04,5.239059E+04,2.158908E+00,3.325794E+04,2.158908E+00,1.495083E+04,5.089196E+04,2.158908E+00,1.099884E+05,2.158908E+00,0.000000E+00,0.000000E+00,2.158908E+00,8.786057E+04,2.158908E+00,0.000000E+00,0.000000E+00,2.158908E+00,1.067343E+05,2.158908E+00,0.000000E+00,0.000000E+00
02:40:00,2.158908E+00,2.772923E+04,2.158908E+00,2.047954E+04,5.106603E+04,2.158908E+00,3.922703E+04,2.158908E+00,8.981736E+03,3.147003E+04,2.158908E+00,3.293578E+04,2.158908E+00,1.527299E+04,5.200351E+04,2.158908E+00,3.336966E+04,2.158908E+00,1.483911E+04,5.050806E+04,2.158908E+00,1.099884E+05,2.158908E+00,0.000000E+00,0.000000E+00,2.158908E+00,8.786057E+04,2.158908E+00,0.000000E+00,0.000000E+00,2.158908E+00,1.067343E+05,2.158908E+00,0.000000E+00,0.000000E+00
02:50:00,2.158908E+00,2.784095E+04,2.158908E+00,2.036782E+04,5.095142E+04,2.158908E+00,3.933876E+04,2.158908E+00,8.870013E+03,3.112665E+04,2.158908E+00,3.304751E+04,2.158908E+00,1.516126E+04,5.161725E+04,2.158908E+00,3.348139E+04,2.158908E+00,1.472738E+04,5.012498E+04,2.158908E+00,1.099884E+05,2.158908E+00,0.000000E+00,0.000000E+00,2.158908E+00,8.786057E+04,2.158908E+00,0.000000E+00,0.000000E+00,2.158908E+00,1.067343E+05,2.158908E+00,0.000000E+00,0.000000E+00
03:00:00,2.158908E+00,2.795268E+04,2.158908E+00,2.025609E+04,5.083680E+04,2.158908E+00,3.945048E+04,2.158908E+00,8.758289E+03,3.078398E+04,2.158908E+00,3.315923E+04,2.158908E+00,1.504954E+04,5.123181E+04,2.158908E+00,3.359311E+04,2.158908E+00,1.461566E+04,4.974271E+04,2.158908E+00,1.099884E+05,2.158908E+00,0.000000E+00,0.000000E+00,2.158908E+00,8.786057E+04,2.158908E+00,0.000000E+00,0.000000E+00,2.158908E+00,1.067343E+05,2.158908E+00,0.000000E+00,0.000000E+00
03:10:00,2.158908E+00,2.806440E+04,2.158908E+00,2.014437E+04,5.072218E+04,2.158908E+00,3.956220E+04,2.158908E+00,8.646565E+03,3.044201E+04,2.158908E+00,3.327095E+04,2.158908E+00,1.493782E+04,5.084720E+04,2.158908E+00,3.370483E+04,2.158908E+00,1.450394E+04,4.936124E+04,2.158908E+00,1.099884E+05,2.158908E+00,0.000000E+00,0.000000E+00,2.158908E+00,8.786057E+04,2.158908E+00,0.000000E+00,0.000000E+00,2.158908E+00,1.067343E+05,2.158908E+00,0.000000E+00,0.000000E+00
03:20:00,2.158908E+00,2.817613E+04,2.158908E+00,2.003264E+04,5.060757E+04,2.158908E+00,3.967393E+04,2.158908E+00,8.534841E+03,3.010074E+04,2.158908E+00,3.338268E+04,2.158908E+00,1.482609E+04,5.046339E+04,2.158908E+00,3.381656E+04,2.158908E+00,1.439221E+04,4.898059E+04,2.158908E+00,1.099884E+05,2.158908E+00,0.000000E+00,0.000000E+00,2.158908E+00,8.786057E+04,2.158908E+00,0.000000E+00,0.000000E+00,2.158908E+00,1.067343E+05,2.158908E+00,0.000000E+00,0.000000E+00
03:30:00,2.158908E+00,2.828785E+04,2.158908E+00,1.992092E+04,5.049295E+04,2.158908E+00,3.978565E+04,2.158908E+00,8.423117E+03,2.976016E+04,2.158908E+00,3.349440E+04,2.158908E+00,1.471437E+04,5.008040E+04,2.158908E+00,3.392828E+04,2.158908E+00,1.428049E+04,4.860074E+04,2.158908E+00,1.099884E+05,2.158908E+00,0.000000E+00,0.000000E+00,2.158908E+00,8.786057E+04,2.158908E+00,0.000000E+00,0.000000E+00,2.158908E+00,1.067343E+05,2.158908E+00,0.000000E+00,0.000000E+00
03:40:00,2.158908E+00,2.839957E+04,2.158908E+00,1.980920E+04,5.037834E+04,2.158908E+00,3.989738E+04,2.158908E+00,8.311393E+03,2.942028E+04,2.158908E+00,3.360613E+04,2.158908E+00,1.460264E+04,4.969823E+04,2.158908E+00,3.404000E+04,2.158908E+00,1.416876E+04,4.822169E+04,2.158908E+00,1.099884E+05,2.158908E+00,0.000000E+00,0.000000E+00,2.158908E+00,8.786057E+04,2.158908E+00,0.000000E+00,0.000000E+00,2.158908E+00,1.067343E+05,2.158908E+00,0.000000E+00,0.000000E+00
03:50:00,2.158908E+00,2.851130E+04,2.158908E+00,1.969747E+04,5.026372E+04,2.158908E+00,4.000910E+04,2.158908E+00,8.199669E+03,2.908110E+04,2.158908E+00,3.371785E+04,2.158908E+00,1.449092E+04,4.931686E+04,2.158908E+00,3.415173E+04,2.158908E+00,1.405704E+04,4.784345E+04,2.158908E+00,1.099884E+05,2.158908E+00,0.000000E+00,0.000000E+00,2.158908E+00,8.786057E+04,2.158908E+00,0.000000E+00,0.000000E+00,2.158908E+00,1.067343E+05,2.158908E+00,0.000000E+00,0.000000E+00
04:00:00,2.158908E+00,2.862302E+04,2.158908E+00,1.958575E+04,5.014911E+04,2.158908E+00,4.012082E+04,2.158908E+00,8.087945E+03,2.874260E+04,2.158908E+00,3.382957E+04,2.158908E+00,1.437920E+04,4.893629E+04,2.158908E+00,3.426345E+04,2.158908E+00,1.394532E+04,4.746600E+04,2.158908E+00,1.099884E+05,2.158908E+00,0.000000E+00,0.000000E+00,2.158908E+00,8.786057E+04,2.158908E+00,0.000000E+00,0.000000E+00,2.158908E+00,1.067343E+05,2.158908E+00,0.000000E+00,0.000000E+00
04:10:00,2.158908E+00,2.869750E+04,2.158908E+00,1.951127E+04,5.007267E+04,2.158908E+00,4.019531E+04,2.158908E+00,8.013462E+03,2.851732E+04,2.158908E+00,3.390406E+04,2.158908E+00,1.430471E+04,4.868304E+04,2.158908E+00,3.433794E+04,2.158908E+00,1.387083E+04,4.721482E+04,2.158908E+00,1.099884E+05,2.158908E+00,0.000000E+00,0.000000E+00,2.158908E+00,8.786057E+04,2.158908E+00,0.000000E+00,0.000000E+00,2.158908E+00,1.067343E+05,2.158908E+00,0.000000E+00,0.000000E+00
04:20:00,2.158908E+00,2.877199E+04,2.158908E+00,1.943678E+04,4.999625E+04,2.158908E+00,4.026979E+04,2.158908E+00,7.938980E+03,2.829235E+04,2.158908E+00,3.397854E+04,2.158908E+00,1.423023E+04,4.843013E+04,2.158908E+00,3.441242E+04,2.158908E+00,1.379635E+04,4.696398E+04,2.158908E+00,1.099884E+05,2.158908E+00,0.000000E+00,0.000000E+00,2.158908E+00,8.786057E+04,2.158908E+00,0.000000E+00,0.000000E+00,2.158908E+00,1.067343E+05,2.158908E+00,0.000000E+00,0.000000E+00
04:30:00,2.158908E+00,2.884647E+04,2.158908E+00,1.936230E+04,4.991985E+04,2.158908E+00,4.034427E+04,2.158908E+00,7.864497E+03,2.806768E+04,2.158908E+00,3.405302E+04,2.158908E+00,1.415575E+04,4.817759E+04,2.158908E+00,3.448690E+04,2.158908E+00,1.372187E+04,4.671350E+04,2.158908E+00,1.099884E+05,2.158908E+00,0.000000E+00,0.000000E+00,2.158908E+00,8.786057E+04,2.158908E+00,0.000000E+00,0.000000E+00,2.158908E+00,1.067343E+05,2.158908E+00,0.000000E+00,0.000000E+00
04:40:00,2.158908E+00,2.892095E+04,2.158908E+00,1.928782E+04,4.984343E+04,2.158908E+00,4.041875E+04,2.158908E+00,7.790015E+03,2.784332E+04,2.158908E+00,3.412750E+04,2.158908E+00,1.408127E+04,4.792540E+04,2.158908E+00,3.456138E+04,2.158908E+00,1.364739E+04,4.646337E+04,2.158908E+00,1.099884E+05,2.158908E+00,0.000000E+00,0.000000E+00,2.158908E+00,8.786057E+04,2.158908E+00,0.000000E+00,0.000000E+00,2.158908E+00,1.067343E+05,2.158908E+00,0.000000E+00,0.000000E+00
04:50:00,2.158908E+00,2.899543E+04,2.158908E+00,1.921333E+04,4.976703E+04,2.158908E+00,4.049324E+04,2.158908E+00,7.715532E+03,2.761925E+04,2.158908E+00,3.420199E+04,2.158908E+00,1.400678E+04,4.767356E+04,2.158908E+00,3.463587E+04,2.158908E+00,1.357290E+04,4.621359E+04,2.158908E+00,1.099884E+05,2.158908E+00,0.000000E+00,0.000000E+00,2.158908E+00,8.786057E+04,2.158908E+00,0.000000E+00,0.000000E+00,2.158908E+00,1.067343E+05,2.158908E+00,0.000000E+00,0.000000E+00
05:00:00,2.158908E+00,2.906992E+04,2.158908E+00,1.913885E+04,4.969061E+04,2.158908E+00,4.056772E+04,2.158908E+00,7.641049E+03,2.739550E+04,2.158908E+00,3.427647E+04,2.158908E+00,1.393230E+04,4.742208E+04,2.158908E+00,3.471035E+04,2.158908E+00,1.349842E+04,4.596417E+04,2.158908E+00,1.099884E+05,2.158908E+00,0.000000E+00,0.000000E+00,2.158908E+00,8.786057E+04,2.158908E+00,0.000000E+00,0.000000E+00,2.158908E+00,1.067343E+05,2.158908E+00,0.000000E+00,0.000000E+00
05:10:00,2.158908E+00,2.899543E+04,2.158908E+00,1.921333E+04,4.976703E+04,2.158908E+00,4.049324E+04,2.158908E+00,7.715532E+03,2.761925E+04,2.158908E+00,3.420199E+04,2.158908E+00,1.400678E+04,4.767356E+04,2.158908E+00,3.463587E+04,2.158908E+00,1.357290E+04,4.621359E+04,2.158908E+00,1.099884E+05,2.158908E+00,0.000000E+00,0.000000E+00,2.158908E+00,8.786057E+04,2.158908E+00,0.000000E+00,0.000000E+00,2.158908E+00,1.067343E+05,2.158908E+00,0.000000E+00,0.000000E+00
05:20:00,2.158908E+00,2.892095E+04,2.158908E+00,1.928782E+04,4.984343E+04,2.158908E+00,4.041875E+04,2.158908E+00,7.790015E+03,2.784332E+04,2.158908E+00,3.412750E+04,2.158908E+00,1.408127E+04,4.792540E+04,2.158908E+00,3.456138E+04,2.158908E+00,1.364739E+04,4.646337E+04,2.158908E+00,1.099884E+05,2.158908E+00,0.000000E+00,0.000000E+00,2.158908E+00,8.786057E+04,2.158908E+00,0.000000E+00,0.000000E+00,2.158908E+00,1.067343E+05,2.158908E+00,0.000000E+00,0.000000E+00
05:30:00,2.158908E+00,2.884647E+04,2.158908E+00,1.936230E+04,4.991985E+04,2.158908E+00,4.034427E+04,2.158908E+00,7.864497E+03,2.806768E+04,2.158908E+00,3.405302E+04,2.158908E+00,1.415575E+04,4.817759E+04,2.158908E+00,3.448690E+04,2.158908E+00,1.372187E+04,4.671350E+04,2.158908E+00,1.099884E+05,2.158908E+00,0.000000E+00,0.000000E+00,2.158908E+00,8.786057E+04,2.158908E+00,0.000000E+00,0.000000E+00,2.158908E+00,1.067343E+05,2.158908E+00,0.000000E+00,0.000000E+00
05:40:00,2.158908E+00,2.877199E+04,2.158908E+00,1.943678E+04,4.999625E+04,2.158908E+00,4.026979E+04,2.158908E+00,7.938980E+03,2.829235E+04,2.158908E+00,3.397854E+04,2.158908E+00,1.423023E+04,4.843013E+04,2.158908E+00,3.441242E+04,2.158908E+00,1.379635E+04,4.696398E+04,2.158908E+00,1.099884E+05,2.158908E+00,0.000000E+00,0.000000E+00,2.158908E+00,8.786057E+04,2.158908E+00,0.000000E+00,0.000000E+00,2.158908E+00,1.067343E+05,2.158908E+00,0.000000E+00,0.000000E+00
05:50:00,2.158908E+00,2.869750E+04,2.158908E+00,1.951127E+04,5.007267E+04,2.158908E+00,4.019531E+04,2.158908E+00,8.013462E+03,2.851732E+04,2.158908E+00,3.390406E+04,2.158908E+00,1.430471E+04,4.868304E+04,2.158908E+00,3.433794E+04,2.158908E+00,1.387083E+04,4.721482E+04,2.158908E+00,1.099884E+05,2.158908E+00,0.000000E+00,0.000000E+00,2.158908E+00,8.786057E+04,2.158908E+00,0.000000E+00,0.000000E+00,2.158908E+00,1.067343E+05,2.158908E+00,0.000000E+00,0.000000E+00
06:00:00,2.158908E+00,2.862302E+04,2.158908E+00,1.958575E+04,5.014911E+04,2.158908E+00,4.012082E+04,2.158908E+00,8.087945E+03,2.874260E+04,2.158908E+00,3.382957E+04,2.158908E+00,1.437920E+04,4.893629E+04,2.158908E+00,3.426345E+04,2.158908E+00,1.394532E+04,4.746600E+04,2.158908E+00,1.099884E+05,2.158908E+00,0.000000E+00,0.000000E+00,2.158908E+00,8.786057E+04,2.158908E+00,0.000000E+00,0.000000E+00,2.158908E+00,1.067343E+05,2.158908E+00,0.000000E+00,0.000000E+00
06:10:00,2.158908E+00,2.836233E+04,2.158908E+00,1.984644E+04,5.041654E+04,2.158908E+00,3.986013E+04,2.158908E+00,8.348634E+03,2.953350E+04,2.158908E+00,3.356888E+04,2.158908E+00,1.463988E+04,4.982553E+04,2.158908E+00,3.400276E+04,2.158908E+00,1.420601E+04,4.834796E+04,2.158908E+00,1.099884E+05,2.158908E+00,0.000000E+00,0.000000E+00,2.158908E+00,8.786057E+04,2.158908E+00,0.000000E+00,0.000000E+00,2.158908E+00,1.067343E+05,2.158908E+00,0.000000E+00,0.000000E+00
06:20:00,2.158908E+00,2.810164E+04,2.158908E+00,2.010713E+04,5.068398E+04,2.158908E+00,3.959945E+04,2.158908E+00,8.609323E+03,3.032817E+04,2.158908E+00,3.330819E+04,2.158908E+00,1.490057E+04,5.071917E+04,2.158908E+00,3.374207E+04,2.158908E+00,1.446669E+04,4.923427E+04,2.158908E+00,1.099884E+05,2.158908E+00,0.000000E+00,0.000000E+00,2.158908E+00,8.786057E+04,2.158908E+00,0.000000E+00,0.000000E+00,2.158908E+00,1.067343E+05,2.158908E+00,0.000000E+00,0.000000E+00
06:30:00,2.158908E+00,2.784095E+04,2.158908E+00,2.036782E+04,5.095142E+04,2.158908E+00,3.933876E+04,2.158908E+00,8.870013E+03,3.112665E+04,2.158908E+00,3.304751E+04,2.158908E+00,1.516126E+04,5.161725E+04,2.158908E+00,3.348139E+04,2.158908E+00,1.472738E+04,5.012498E+04,2.158908E+00,1.099884E+05,2.158908E+00,0.000000E+00,0.000000E+00,2.158908E+00,8.786057E+04,2.158908E+00,0.000000E+00,0.000000E+00,2.158908E+00,1.067343E+05,2.158908E+00,0.000000E+00,0.000000E+00
06:40:00,2.158908E+00,2.758026E+04,2.158908E+00,2.062850E+04,5.121885E+04,2.158908E+00,3.907807E+04,2.158908E+00,9.130702E+03,3.192896E+04,2.158908E+00,3.278682E+04,2.158908E+00,1.542195E+04,5.251981E+04,2.158908E+00,3.322070E+04,2.158908E+00,1.498807E+04,5.102011E+04,2.158908E+00,1.099884E+05,2.158908E+00,0.000000E+00,0.000000E+00,2.158908E+00,8.786057E+04,2.158908E+00,0.000000E+00,0.000000E+00,2.158908E+00,1.067343E+05,2.158908E+00,0.000000E+00,0.000000E+00
06:50:00,2.158908E+00,2.731958E+04,2.158908E+00,2.088919E+04,5.148631E+04,2.158908E+00,3.881738E+04,2.158908E+00,9.391391E+03,3.273512E+04,2.158908E+00,3.252613E+04,2.158908E+00,1.568264E+04,5.342686E+04,2.158908E+00,3.296001E+04,2.158908E+00,1.524876E+04,5.191969E+04,2.158908E+00,1.099884E+05,2.158908E+00,0.000000E+00,0.000000E+00,2.158908E+00,8.786057E+04,2.158908E+00,0.000000E+00,0.000000E+00,2.158908E+00,1.067343E+05,2.158908E+00,0.000000E+00,0.000000E+00
07:00:00,2.158908E+00,2.705889E+04,2.158908E+00,2.114988E+04,5.175375E+04,2.158908E+00,3.855669E+04,2.158908E+00,9.652080E+03,3.354516E+04,2.158908E+00,3.226544E+04,2.158908E+00,1.594333E+04,5.433843E+04,2.158908E+00,3.269932E+04,2.158908E+00,1.550945E+04,5.282375E+04,2.158908E+00,1.099884E+05,2.158908E+00,0.000000E+00,0.000000E+00,2.158908E+00,8.786057E+04,2.158908E+00,0.000000E+00,0.000000E+00,2.158908E+00,1.067343E+05,2.158908E+00,0.000000E+00,0.000000E+00
07:10:00,2.158908E+00,2.642578E+04,2.158908E+00,2.178299E+04,5.240327E+04,2.158908E+00,3.792359E+04,2.158908E+00,1.028518E+04,3.552870E+04,2.158908E+00,3.163234E+04,2.158908E+00,1.657643E+04,5.657127E+04,2.158908E+00,3.206622E+04,2.158908E+00,1.614255E+04,5.503814E+04,2.158908E+00,1.099884E+05,2.158908E+00,0.000000E+00,0.000000E+00,2.158908E+00,8.786057E+04,2.158908E+00,0.000000E+00,0.000000E+00,2.158908E+00,1.067343E+05,2.158908E+00,0.000000E+00,0.000000E+00
07:20:00,2.158908E+00,2.579268E+04,2.158908E+00,2.241609E+04,5.305275E+04,2.158908E+00,3.729048E+04,2.158908E+00,1.091828E+04,3.753562E+04,2.158908E+00,3.099923E+04,2.158908E+00,1.720954E+04,5.883141E+04,2.158908E+00,3.143311E+04,2.158908E+00,1.677566E+04,5.727952E+04,2.158908E+00,1.099884E+05,2.158908E+00,0.000000E+00,0.000000E+00,2.158908E+00,8.786057E+04,2.158908E+00,0.000000E+00,0.000000E+00,2.158908E+00,1.067343E+05,2.158908E+00,0.000000E+00,0.000000E+00
07:30:00,2.158908E+00,2.515958E+04,2.158908E+00,2.304919E+04,5.370227E+04,2.158908E+00,3.665738E+04,2.158908E+00,1.155139E+04,3.956628E+04,2.158908E+00,3.036613E+04,2.158908E+00,1.784264E+04,6.111924E+04,2.158908E+00,3.080001E+04,2.158908E+00,1.740876E+04,5.954833E+04,2.158908E+00,1.099884E+05,2.158908E+00,0.000000E+00,0.000000E+00,2.158908E+00,8.786057E+04,2.158908E+00,0.000000E+00,0.000000E+00,2.158908E+00,1.067343E+05,2.158908E+00,0.000000E+00,0.000000E+00
07:40:00,2.158908E+00,2.452648E+04,2.158908E+00,2.368229E+04,5.435176E+04,2.158908E+00,3.602428E+04,2.158908E+00,1.218449E+04,4.162107E+04,2.158908E+00,2.973303E+04,2.158908E+00,1.847574E+04,6.343523E+04,2.158908E+00,3.016691E+04,2.158908E+00,1.804186E+04,6.184498E+04,2.158908E+00,1.099884E+05,2.158908E+00,0.000000E+00,0.000000E+00,2.158908E+00,8.786057E+04,2.158908E+00,0.000000E+00,0.000000E+00,2.158908E+00,1.067343E+05,2.158908E+00,0.000000E+00,0.000000E+00
07:50:00,2.158908E+00,2.389337E+04,2.158908E+00,2.431539E+04,5.500127E+04,2.158908E+00,3.539118E+04,2.158908E+00,1.281759E+04,4.370035E+04,2.158908E+00,2.909993E+04,2.158908E+00,1.910884E+04,6.577980E+04,2.158908E+00,2.953381E+04,2.158908E+00,1.867496E+04,6.416991E+04,2.158908E+00,1.099884E+05,2.158908E+00,0.000000E+00,0.000000E+00,2.158908E+00,8.786057E+04,2.158908E+00,0.000000E+00,0.000000E+00,2.158908E+00,1.067343E+05,2.158908E+00,0.000000E+00,0.000000E+00
08:00:00,2.158908E+00,2.326027E+04,2.158908E+00,2.494850E+04,5.565079E+04,2.158908E+00,3.475808E+04,2.158908E+00,1.345069E+04,4.580452E+04,2.158908E+00,2.846682E+04,2.158908E+00,1.974194E+04,6.815339E+04,2.158908E+00,2.890070E+04,2.158908E+00,1.930807E+04,6.652356E+04,2.158908E+00,1.099884E+05,2.158908E+00,0.000000E+00,0.000000E+00,2.158908E+00,8.786057E+04,2.158908E+00,0.000000E+00,0.000000E+00,2.158908E+00,1.067343E+05,2.158908E+00,0.000000E+00,0.000000E+00
08:10:00,2.158908E+00,2.255269E+04,2.158908E+00,2.565608E+04,5.637669E+04,2.158908E+00,3.405049E+04,2.158908E+00,1.415828E+04,4.818616E+04,2.158908E+00,2.775924E+04,2.158908E+00,2.044953E+04,7.084114E+04,2.158908E+00,2.819312E+04,2.158908E+00,2.001565E+04,6.918865E+04,2.158908E+00,1.099884E+05,2.158908E+00,0.000000E+00,0.000000E+00,2.158908E+00,8.786057E+04,2.158908E+00,0.000000E+00,0.000000E+00,2.158908E+00,1.067343E+05,2.158908E+00,0.000000E+00,0.000000E+00
08:20:00,2.158908E+00,2.184510E+04,2.158908E+00,2.636367E+04,5.710262E+04,2.158908E+00,3.334291E+04,2.158908E+00,1.486586E+04,5.059993E+04,2.158908E+00,2.705165E+04,2.158908E+00,2.115711E+04,7.356635E+04,2.158908E+00,2.748553E+04,2.158908E+00,2.072323E+04,7.029500E+04,2.158908E+00,1.099884E+05,2.158908E+00,0.000000E+00,0.000000E+00,2.158908E+00,8.786057E+04,2.158908E+00,0.000000E+00,0.000000E+00,2.158908E+00,1.067343E+05,2.158908E+00,0.000000E+00,0.000000E+00
08:30:00,2.158908E+00,2.113752E+04,2.158908E+00,2.707125E+04,5.782851E+04,2.158908E+00,3.263532E+04,2.158908E+00,1.557345E+04,5.304637E+04,2.158908E+00,2.634407E+04,2.158908E+00,2.186470E+04,7.632970E+04,2.158908E+00,2.677795E+04,2.158908E+00,2.143082E+04,7.102545E+04,2.158908E+00,1.099884E+05,2.158908E+00,0.000000E+00,0.000000E+00,2.158908E+00,8.786057E+04,2.158908E+00,0.000000E+00,0.000000E+00,2.158908E+00,1.067343E+05,2.158908E+00,0.000000E+00,0.000000E+00
08:40:00,2.158908E+00,2.042993E+04,2.158908E+00,2.777884E+04,5.855444E+04,2.158908E+00,3.192774E+04,2.158908E+00,1.628103E+04,5.552608E+04,2.158908E+00,2.563648E+04,2.158908E+00,2.257228E+04,7.913182E+04,2.158908E+00,2.607036E+04,2.158908E+00,2.213840E+04,7.175591E+04,2.158908E+00,1.099884E+05,2.158908E+00,0.000000E+00,0.000000E+00,2.158908E+00,8.786057E+04,2.158908E+00,0.000000E+00,0.000000E+00,2.158908E+00,1.067343E+05,2.158908E+00,0.000000E+00,0.000000E+00
08:50:00,2.158908E+00,1.972235E+04,2.158908E+00,2.848642E+04,5.928036E+04,2.158908E+00,3.122015E+04,2.158908E+00,1.698862E+04,5.803962E+04,2.158908E+00,2.492890E+04,2.158908E+00,2.327987E+04,8.197341E+04,2.158908E+00,2.536278E+04,2.158908E+00,2.284599E+04,7.248633E+04,2.158908E+00,1.099884E+05,2.158908E+00,0.000000E+00,0.000000E+00,2.158908E+00,8.786057E+04,2.158908E+00,0.000000E+00,0.000000E+00,2.158908E+00,1.067343E+05,2.158908E+00,0.000000E+00,0.000000E+00
09:00:00,2.158908E+00,1.901476E+04,2.158908E+00,2.919401E+04,6.000626E+04,2.158908E+00,3.051257E+04,2.158908E+00,1.769620E+04,6.058759E+04,2.158908E+00,2.422131E+04,2.158908E+00,2.398745E+04,8.485515E+04,2.158908E+00,2.465519E+04,2.158908E+00,2.355357E+04,7.321678E+04,2.158908E+00,1.099884E+05,2.158908E+00,0.000000E+00,0.000000E+00,2.158908E+00,8.786057E+04,2.158908E+00,0.000000E+00,0.000000E+00,2.158908E+00,1.067343E+05,2.158908E+00,0.000000E+00,0.000000E+00
09:10:00,2.158908E+00,1.838166E+04,2.158908E+00,2.982711E+04,6.065578E+04,2.158908E+00,2.987946E+04,2.158908E+00,1.832931E+04,6.289702E+04,2.158908E+00,2.358821E+04,2.158908E+00,2.462056E+04,8.746816E+04,2.158908E+00,2.402209E+04,2.158908E+00,2.418668E+04,7.387031E+04,2.158908E+00,1.099884E+05,2.158908E+00,0.000000E+00,0.000000E+00,2.158908E+00,8.786057E+04,2.158908E+00,0.000000E+00,0.000000E+00,2.158908E+00,1.067343E+05,2.158908E+00,0.000000E+00,0.000000E+00
09:20:00,2.158908E+00,1.774856E+04,2.158908E+00,3.046021E+04,6.130529E+04,2.158908E+00,2.924636E+04,2.158908E+00,1.896241E+04,6.523494E+04,2.158908E+00,2.295511E+04,2.158908E+00,2.525366E+04,9.011437E+04,2.158908E+00,2.338899E+04,2.158908E+00,2.481978E+04,7.452389E+04,2.158908E+00,1.099884E+05,2.158908E+00,0.000000E+00,0.000000E+00,2.158908E+00,8.786057E+04,2.158908E+00,0.000000E+00,0.000000E+00,2.158908E+00,1.067343E+05,2.158908E+00,0.000000E+00,0.000000E+00
09:30:00,2.158908E+00,1.711546E+04,2.158908E+00,3.109331E+04,6.195478E+04,2.158908E+00,2.861326E+04,2.158908E+00,1.959551E+04,6.760178E+04,2.158908E+00,2.232201E+04,2.158908E+00,2.588676E+04,9.279432E+04,2.158908E+00,2.275589E+04,2.158908E+00,2.545288E+04,7.517745E+04,2.158908E+00,1.099884E+05,2.158908E+00,0.000000E+00,0.000000E+00,2.158908E+00,8.786057E+04,2.158908E+00,0.000000E+00,0.000000E+00,2.158908E+00,1.067343E+05,2.158908E+00,0.000000E+00,0.000000E+00
09:40:00,2.158908E+00,1.648235E+04,2.158908E+00,3.172642E+04,6.260430E+04,2.158908E+00,2.798016E+04,2.158908E+00,2.022861E+04,6.999800E+04,2.158908E+00,2.168891E+04,2.158908E+00,2.651986E+04,9.550852E+04,2.158908E+00,2.212279E+04,2.158908E+00,2.608598E+04,7.583098E+04,2.158908E+00,1.099884E+05,2.158908E+00,0.000000E+00,0.000000E+00,2.158908E+00,8.786057E+04,2.158908E+00,0.000000E+00,0.000000E+00,2.158908E+00,1.067343E+05,2.158908E+00,0.000000E+00,0.000000E+00
09:50:00,2.158908E+00,1.584925E+04,2.158908E+00,3.235952E+04,6.325378E+04,2.158908E+00,2.734705E+04,2.158908E+00,2.086171E+04,7.184886E+04,2.158908E+00,2.105580E+04,2.158908E+00,2.715297E+04,9.825752E+04,2.158908E+00,2.148968E+04,2.158908E+00,2.671909E+04,7.648455E+04,2.158908E+00,1.099884E+05,2.158908E+00,0.000000E+00,0.000000E+00,2.158908E+00,8.786057E+04,2.158908E+00,0.000000E+00,0.000000E+00,2.158908E+00,1.067343E+05,2.158908E+00,0.000000E+00,0.000000E+00
10:00:00,2.158908E+00,1.521615E+04,2.158908E+00,3.299262E+04,6.390330E+04,2.158908E+00,2.671395E+04,2.158908E+00,2.149482E+04,7.250269E+04,2.158908E+00,2.042270E+04,2.158908E+00,2.778607E+04,1.010418E+05,2.158908E+00,2.085658E+04,2.158908E+00,2.735219E+04,7.713809E+04,2.158908E+00,1.099884E+05,2.158908E+00,0.000000E+00,0.000000E+00,2.158908E+00,8.786057E+04,2.158908E+00,0.000000E+00,0.000000E+00,2.158908E+00,1.067343E+05,2.158908E+00,0.000000E+00,0.000000E+00
10:10:00,2.158908E+00,1.465753E+04,2.158908E+00,3.355124E+04,6.447641E+04,2.158908E+00,2.615533E+04,2.158908E+00,2.205344E+04,7.307964E+04,2.158908E+00,1.986408E+04,2.158908E+00,2.834469E+04,1.035284E+05,2.158908E+00,2.029796E+04,2.158908E+00,2.791081E+04,7.771477E+04,2.158908E+00,1.099884E+05,2.158908E+00,0.000000E+00,0.000000E+00,2.158908E+00,8.786057E+04,2.158908E+00,0.000000E+00,0.000000E+00,2.158908E+00,1.067343E+05,2.158908E+00,0.000000E+00,0.000000E+00
10:20:00,2.158908E+00,1.409891E+04,2.158908E+00,3.410986E+04,6.504948E+04,2.158908E+00,2.559671E+04,2.158908E+00,2.261206E+04,7.365655E+04,2.158908E+00,1.930546E+04,2.158908E+00,2.890331E+04,1.060433E+05,2.158908E+00,1.973934E+04,2.158908E+00,2.846943E+04,7.829142E+04,2.158908E+00,1.099884E+05,2.158908E+00,0.000000E+00,0.000000E+00,2.158908E+00,8.786057E+04,2.158908E+00,0.000000E+00,0.000000E+00,2.158908E+00,1.067343E+05,2.158908E+00,0.000000E+00,0.000000E+00
10:30:00,2.158908E+00,1.354029E+04,2.158908E+00,3.466848E+04,6.562259E+04,2.158908E+00,2.503809E+04,2.158908E+00,2.317068E+04,7.423350E+04,2.158908E+00,1.874684E+04,2.158908E+00,2.946193E+04,1.085868E+05,2.158908E+00,1.918072E+04,2.158908E+00,2.902805E+04,7.886810E+04,2.158908E+00,1.099884E+05,2.158908E+00,0.000000E+00,0.000000E+00,2.158908E+00,8.786057E+04,2.158908E+00,0.000000E+00,0.000000E+00,2.158908E+00,1.067343E+05,2.158908E+00,0.000000E+00,0.000000E+00
10:40:00,2.158908E+00,1.298167E+04,2.158908E+00,3.522710E+04,6.619566E+04,2.158908E+00,2.447947E+04,2.158908E+00,2.372930E+04,7.481041E+04,2.158908E+00,1.818822E+04,2.158908E+00,3.002055E+04,1.111595E+05,2.158908E+00,1.862210E+04,2.158908E+00,2.958667E+04,7.944474E+04,2.158908E+00,1.099884E+05,2.158908E+00,0.000000E+00,0.000000E+00,2.158908E+00,8.786057E+04,2.158908E+00,0.000000E+00,0.000000E+00,2.158908E+00,1.067343E+05,2.158908E+00,0.000000E+00,0.000000E+00
10:50:00,2.158908E+00,1.242305E+04,2.158908E+00,3.578572E+04,6.676877E+04,2.158908E+00,2.392085E+04,2.158908E+00,2.428792E+04,7.538736E+04,2.158908E+00,1.762960E+04,2.158908E+00,3.057917E+04,1.137617E+05,2.158908E+00,1.806348E+04,2.158908E+00,3.014529E+04,8.002143E+04,2.158908E+00,1.099884E+05,2.158908E+00,0.000000E+00,0.000000E+00,2.158908E+00,8.786057E+04,2.158908E+00,0.000000E+00,0.000000E+00,2.158908E+00,1.067343E+05,2.158908E+00,0.000000E+00,0.000000E+00
11:00:00,2.158908E+00,1.186443E+04,2.158908E+00,3.634434E+04,6.734185E+04,2.158908E+00,2.336223E+04,2.158908E+00,2.484654E+04,7.596427E+04,2.158908E+00,1.707098E+04,2.158908E+00,3.113779E+04,1.163938E+05,2.158908E+00,1.750486E+04,2.158908E+00,3.070391E+04,8.059812E+04,2.158908E+00,1.099884E+05,2.158908E+00,0.000000E+00,0.000000E+00,2.158908E+00,8.786057E+04,2.158908E+00,0.000000E+00,0.000000E+00,2.158908E+00,1.067343E+05,2.158908E+00,0.000000E+00,0.000000E+00
11:10:00,2.158908E+00,1.149202E+04,2.158908E+00,3.671675E+04,6.772390E+04,2.158908E+00,2.298982E+04,2.158908E+00,2.521895E+04,7.634892E+04,2.158908E+00,1.669857E+04,2.158908E+00,3.151020E+04,1.181654E+05,2.158908E+00,1.713245E+04,2.158908E+00,3.107632E+04,8.098255E+04,2.158908E+00,1.099884E+05,2.158908E+00,0.000000E+00,0.000000E+00,2.158908E+00,8.786057E+04,2.158908E+00,0.000000E+00,0.000000E+00,2.158908E+00,1.067343E+05,2.158908E+00,0.000000E+00,0.000000E+00
11:20:00,2.158908E+00,1.111960E+04,2.158908E+00,3.708916E+04,6.810598E+04,2.158908E+00,2.261741E+04,2.158908E+00,2.559136E+04,7.673353E+04,2.158908E+00,1.632616E+04,2.158908E+00,3.188261E+04,1.199505E+05,2.158908E+00,1.676004E+04,2.158908E+00,3.144873E+04,8.136697E+04,2.158908E+00,1.099884E+05,2.158908E+00,0.000000E+00,0.000000E+00,2.158908E+00,8.786057E+04,2.158908E+00,0.000000E+00,0.000000E+00,2.158908E+00,1.067343E+05,2.158908E+00,0.000000E+00,0.000000E+00
11:30:00,2.158908E+00,1.074719E+04,2.158908E+00,3.746158E+04,6.848803E+04,2.158908E+00,2.224499E+04,2.158908E+00,2.596377E+04,7.711813E+04,2.158908E+00,1.595374E+04,2.158908E+00,3.225503E+04,1.217494E+05,2.158908E+00,1.638762E+04,2.158908E+00,3.182115E+04,8.175144E+04,2.158908E+00,1.099884E+05,2.158908E+00,0.000000E+00,0.000000E+00,2.158908E+00,8.786057E+04,2.158908E+00,0.000000E+00,0.000000E+00,2.158908E+00,1.067343E+05,2.158908E+00,0.000000E+00,0.000000E+00
11:40:00,2.158908E+00,1.037478E+04,2.158908E+00,3.783399E+04,6.887011E+04,2.158908E+00,2.187258E+04,2.158908E+00,2.633619E+04,7.750277E+04,2.158908E+00,1.558133E+04,2.158908E+00,3.262744E+04,1.235621E+05,2.158908E+00,1.601521E+04,2.158908E+00,3.219356E+04,8.213588E+04,2.158908E+00,1.099884E+05,2.158908E+00,0.000000E+00,0.000000E+00,2.158908E+00,8.786057E+04,2.158908E+00,0.000000E+00,0.000000E+00,2.158908E+00,1.067343E+05,2.158908E+00,0.000000E+00,0.000000E+00
11:50:00,2.158908E+00,1.000237E+04,2.158908E+00,3.820640E+04,6.925217E+04,2.158908E+00,2.150017E+04,2.158908E+00,2.670860E+04,7.788739E+04,2.158908E+00,1.520892E+04,2.158908E+00,3.299985E+04,1.253888E+05,2.158908E+00,1.564280E+04,2.158908E+00,3.256597E+04,8.252030E+04,2.158908E+00,1.099884E+05,2.158908E+00,0.000000E+00,0.000000E+00,2.158908E+00,8.786057E+04,2.158908E+00,0.000000E+00,0.000000E+00,2.158908E+00,1.067343E+05,2.158908E+00,0.000000E+00,0.000000E+00
12:00:00,2.158908E+00,9.629952E+03,2.158908E+00,3.857882E+04,6.963422E+04,2.158908E+00,2.112776E+04,2.158908E+00,2.708101E+04,7.827199E+04,2.158908E+00,1.483650E+04,2.158908E+00,3.337226E+04,1.272297E+05,2.158908E+00,1.527038E+04,2.158908E+00,3.293839E+04,8.290477E+04,2.158908E+00,1.099884E+05,2.158908E+00,0.000000E+00,0.000000E+00,2.158908E+00,8.786057E+04,2.158908E+00,0.000000E+00,0.000000E+00,2.158908E+00,1.067343E+05,2.158908E+00,0.000000E+00,0.000000E+00
12:10:00,2.158908E+00,9.332022E+03,2.158908E+00,3.887675E+04,6.993985E+04,2.158908E+00,2.082982E+04,2.158908E+00,2.737894E+04,7.857972E+04,2.158908E+00,1.453857E+04,2.158908E+00,3.367019E+04,1.287126E+05,2.158908E+00,1.497245E+04,2.158908E+00,3.323632E+04,8.321231E+04,2.158908E+00,1.099884E+05,2.158908E+00,0.000000E+00,0.000000E+00,2.158908E+00,8.786057E+04,2.158908E+00,0.000000E+00,0.000000E+00,2.158908E+00,1.067343E+05,2.158908E+00,0.000000E+00,0.000000E+00
12:20:00,2.158908E+00,9.034091E+03,2.158908E+00,3.917468E+04,7.024553E+04,2.158908E+00,2.053189E+04,2.158908E+00,2.767687E+04,7.888740E+04,2.158908E+00,1.424064E+04,2.158908E+00,3.396813E+04,1.302046E+05,2.158908E+00,1.467452E+04,2.158908E+00,3.353425E+04,8.351986E+04,2.158908E+00,1.099884E+05,2.158908E+00,0.000000E+00,0.000000E+00,2.158908E+00,8.786057E+04,2.158908E+00,0.000000E+00,0.000000E+00,2.158908E+00,1.067343E+05,2.158908E+00,0.000000E+00,0.000000E+00
12:30:00,2.158908E+00,8.736161E+03,2.158908E+00,3.947261E+04,7.055117E+04,2.158908E+00,2.023396E+04,2.158908E+00,2.797481E+04,7.919509E+04,2.158908E+00,1.394271E+04,2.158908E+00,3.426606E+04,1.317060E+05,2.158908E+00,1.437659E+04,2.158908E+00,3.383218E+04,8.382741E+04,2.158908E+00,1.099884E+05,2.158908E+00,0.000000E+00,0.000000E+00,2.158908E+00,8.786057E+04,2.158908E+00,0.000000E+00,0.000000E+00,2.158908E+00,1.067343E+05,2.158908E+00,0.000000E+00,0.000000E+00
12:40:00,2.158908E+00,8.438230E+03,2.158908E+00,3.977054E+04,7.085681E+04,2.158908E+00,1.993603E+04,2.158908E+00,2.827274E+04,7.950281E+04,2.158908E+00,1.364478E+04,2.158908E+00,3.456399E+04,1.332166E+05,2.158908E+00,1.407866E+04,2.158908E+00,3.413011E+04,8.413499E+04,2.158908E+00,1.099884E+05,2.158908E+00,0.000000E+00,0.000000E+00,2.158908E+00,8.786057E+04,2.158908E+00,0.000000E+00,0.000000E+00,2.158908E+00,1.067343E+05,2.158908E+00,0.000000E+00,0.000000E+00
12:50:00,2.158908E+00,8.140300E+03,2.158908E+00,4.006847E+04,7.116248E+04,2.158908E+00,1.963810E+04,2.158908E+00,2.857067E+04,7.981050E+04,2.158908E+00,1.334685E+04,2.158908E+00,3.486192E+04,1.347366E+05,2.158908E+00,1.378073E+04,2.158908E+00,3.442804E+04,8.444253E+04,2.158908E+00,1.099884E+05,2.158908E+00,0.000000E+00,0.000000E+00,2.158908E+00,8.786057E+04,2.158908E+00,0.000000E+00,0.000000E+00,2.158908E+00,1.067343E+05,2.158908E+00,0.000000E+00,0.000000E+00
13:00:00,2.158908E+00,7.842369E+03,2.158908E+00,4.036640E+04,7.146812E+04,2.158908E+00,1.934017E+04,2.158908E+00,2.886860E+04,8.011819E+04,2.158908E+00,1.304892E+04,2.158908E+00,3.515985E+04,1.362661E+05,2.158908E+00,1.348280E+04,2.158908E+00,3.472597E+04,8.475007E+04,2.158908E+00,1.099884E+05,2.158908E+00,0.000000E+00,0.000000E+00,2.158908E+00,8.786057E+04,2.158908E+00,0.000000E+00,0.000000E+00,2.158908E+00,1.067343E+05,2.158908E+00,0.000000E+00,0.000000E+00
13:10:00,2.158908E+00,7.656163E+03,2.158908E+00,4.055261E+04,7.165915E+04,2.158908E+00,1.915397E+04,2.158908E+00,2.905480E+04,8.031048E+04,2.158908E+00,1.286272E+04,2.158908E+00,3.534605E+04,1.372269E+05,2.158908E+00,1.329659E+04,2.158908E+00,3.491217E+04,8.494229E+04,2.158908E+00,1.099884E+05,2.158908E+00,0.000000E+00,0.000000E+00,2.158908E+00,8.786057E+04,2.158908E+00,0.000000E+00,0.000000E+00,2.158908E+00,1.067343E+05,2.158908E+00,0.000000E+00,0.000000E+00
13:20:00,2.158908E+00,7.469956E+03,2.158908E+00,4.073881E+04,7.185017E+04,2.158908E+00,1.896776E+04,2.158908E+00,2.924101E+04,8.050279E+04,2.158908E+00,1.267651E+04,2.158908E+00,3.553226E+04,1.381913E+05,2.158908E+00,1.311039E+04,2.158908E+00,3.509838E+04,8.513454E+04,2.158908E+00,1.099884E+05,2.158908E+00,0.000000E+00,0.000000E+00,2.158908E+00,8.786057E+04,2.158908E+00,0.000000E+00,0.000000E+00,2.158908E+00,1.067343E+05,2.158908E+00,0.000000E+00,0.000000E+00
13:30:00,2.158908E+00,7.283750E+03,2.158908E+00,4.092502E+04,7.204119E+04,2.158908E+00,1.878155E+04,2.158908E+00,2.942722E+04,8.069513E+04,2.158908E+00,1.249030E+04,2.158908E+00,3.571847E+04,1.391596E+05,2.158908E+00,1.292418E+04,2.158908E+00,3.528459E+04,8.532676E+04,2.158908E+00,1.099884E+05,2.158908E+00,0.000000E+00,0.000000E+00,2.158908E+00,8.786057E+04,2.158908E+00,0.000000E+00,0.000000E+00,2.158908E+00,1.067343E+05,2.158908E+00,0.000000E+00,0.000000E+00
13:40:00,2.158908E+00,7.097543E+03,2.158908E+00,4.111123E+04,7.223226E+04,2.158908E+00,1.859535E+04,2.158908E+00,2.961342E+04,8.088743E+04,2.158908E+00,1.230410E+04,2.158908E+00,3.590467E+04,1.401316E+05,2.158908E+00,1.273797E+04,2.158908E+00,3.547079E+04,8.551897E+04,2.158908E+00,1.099884E+05,2.158908E+00,0.000000E+00,0.000000E+00,2.158908E+00,8.786057E+04,2.158908E+00,0.000000E+00,0.000000E+00,2.158908E+00,1.067343E+05,2.158908E+00,0.000000E+00,0.000000E+00
13:50:00,2.158908E+00,6.911337E+03,2.158908E+00,4.129743E+04,7.242328E+04,2.158908E+00,1.840914E+04,2.158908E+00,2.979963E+04,8.107974E+04,2.158908E+00,1.211789E+04,2.158908E+00,3.609088E+04,1.411074E+05,2.158908E+00,1.255177E+04,2.158908E+00,3.565700E+04,8.571119E+04,2.158908E+00,1.099884E+05,2.158908E+00,0.000000E+00,0.000000E+00,2.158908E+00,8.786057E+04,2.158908E+00,0.000000E+00,0.000000E+00,2.158908E+00,1.067343E+05,2.158908E+00,0.000000E+00,0.000000E+00
14:00:00,2.158908E+00,6.725130E+03,2.158908E+00,4.148364E+04,7.261430E+04,2.158908E+00,1.822293E+04,2.158908E+00,2.998584E+04,8.127205E+04,2.158908E+00,1.193168E+04,2.158908E+00,3.627709E+04,1.420870E+05,2.158908E+00,1.236556E+04,2.158908E+00,3.584321E+04,8.590341E+04,2.158908E+00,1.099884E+05,2.158908E+00,0.000000E+00,0.000000E+00,2.158908E+00,8.786057E+04,2.158908E+00,0.000000E+00,0.000000E+00,2.158908E+00,1.067343E+05,2.158908E+00,0.000000E+00,0.000000E+00
14:10:00,2.158908E+00,6.725130E+03,2.158908E+00,4.148364E+04,7.261430E+04,2.158908E+00,1.822293E+04,2.158908E+00,2.998584E+04,8.127205E+04,2.158908E+00,1.193168E+04,2.158908E+00,3.627709E+04,1.420870E+05,2.158908E+00,1.236556E+04,2.158908E+00,3.584321E+04,8.590341E+04,2.158908E+00,1.099884E+05,2.158908E+00,0.000000E+00,0.000000E+00,2.158908E+00,8.786057E+04,2.158908E+00,0.000000E+00,0.000000E+00,2.158908E+00,1.067343E+05,2.158908E+00,0.000000E+00,0.000000E+00
14:20:00,2.158908E+00,6.725130E+03,2.158908E+00,4.148364E+04,7.261430E+04,2.158908E+00,1.822293E+04,2.158908E+00,2.998584E+04,8.127205E+04,2.158908E+00,1.193168E+04,2.158908E+00,3.627709E+04,1.420870E+05,2.158908E+00,1.236556E+04,2.158908E+00,3.584321E+04,8.590341E+04,2.158908E+00,1.099884E+05,2.158908E+00,0.000000E+00,0.000000E+00,2.158908E+00,8.786057E+04,2.158908E+00,0.000000E+00,0.000000E+00,2.158908E+00,1.067343E+05,2.158908E+00,0.000000E+00,0.000000E+00
14:30:00,2.158908E+00,6.725130E+03,2.158908E+00,4.148364E+04,7.261430E+04,2.158908E+00,1.822293E+04,2.158908E+00,2.998584E+04,8.127205E+04,2.158908E+00,1.193168E+04,2.158908E+00,3.627709E+04,1.420870E+05,2.158908E+00,1.236556E+04,2.158908E+00,3.584321E+04,8.590341E+04,2.158908E+00,1.099884E+05,2.158908E+00,0.000000E+00,0.000000E+00,2.158908E+00,8.786057E+04,2.158908E+00,0.000000E+00,0.000000E+00,2.158908E+00,1.067343E+05,2.158908E+00,0.000000E+00,0.000000E+00
14:40:00,2.158908E+00,6.725130E+03,2.158908E+00,4.148364E+04,7.261430E+04,2.158908E+00,1.822293E+04,2.158908E+00,2.998584E+04,8.127205E+04,2.158908E+00,1.193168E+04,2.158908E+00,3.627709E+04,1.420870E+05,2.158908E+00,1.236556E+04,2.158908E+00,3.584321E+04,8.590341E+04,2.158908E+00,1.099884E+05,2.158908E+00,0.000000E+00,0.000000E+00,2.158908E+00,8.786057E+04,2.158908E+00,0.000000E+00,0.000000E+00,2.158908E+00,1.067343E+05,2.158908E+00,0.000000E+00,0.000000E+00
14:50:00,2.158908E+00,6.725130E+03,2.158908E+00,4.148364E+04,7.261430E+04,2.158908E+00,1.822293E+04,2.158908E+00,2.998584E+04,8.127205E+04,2.158908E+00,1.193168E+04,2.158908E+00,3.627709E+04,1.420870E+05,2.158908E+00,1.236556E+04,2.158908E+00,3.584321E+04,8.590341E+04,2.158908E+00,1.099884E+05,2.158908E+00,0.000000E+00,0.000000E+00,2.158908E+00,8.786057E+04,2.158908E+00,0.000000E+00,0.000000E+00,2.158908E+00,1.067343E+05,2.158908E+00,0.000000E+00,0.000000E+00
15:00:00,2.158908E+00,6.725130E+03,2.158908E+00,4.148364E+04,7.261430E+04,2.158908E+00,1.822293E+04,2.158908E+00,2.998584E+04,8.127205E+04,2.158908E+00,1.193168E+04,2.158908E+00,3.627709E+04,1.420870E+05,2.158908E+00,1.236556E+04,2.158908E+00,3.584321E+04,8.590341E+04,2.158908E+00,1.099884E+05,2.158908E+00,0.000000E+00,0.000000E+00,2.158908E+00,8.786057E+04,2.158908E+00,0.000000E+00,0.000000E+00,2.158908E+00,1.067343E+05,2.158908E+00,0.000000E+00,0.000000E+00
15:10:00,2.158908E+00,6.948578E+03,2.158908E+00,4.126019E+04,7.238507E+04,2.158908E+00,1.844638E+04,2.158908E+00,2.976239E+04,8.104128E+04,2.158908E+00,1.215513E+04,2.158908E+00,3.605364E+04,1.409119E+05,2.158908E+00,1.258901E+04,2.158908E+00,3.561976E+04,8.567275E+04,2.158908E+00,1.099884E+05,2.158908E+00,0.000000E+00,0.000000E+00,2.158908E+00,8.786057E+04,2.158908E+00,0.000000E+00,0.000000E+00,2.158908E+00,1.067343E+05,2.158908E+00,0.000000E+00,0.000000E+00
15:20:00,2.158908E+00,7.172026E+03,2.158908E+00,4.103674E+04,7.215581E+04,2.158908E+00,1.866983E+04,2.158908E+00,2.953894E+04,8.081052E+04,2.158908E+00,1.237858E+04,2.158908E+00,3.583019E+04,1.397423E+05,2.158908E+00,1.281246E+04,2.158908E+00,3.539631E+04,8.544209E+04,2.158908E+00,1.099884E+05,2.158908E+00,0.000000E+00,0.000000E+00,2.158908E+00,8.786057E+04,2.158908E+00,0.000000E+00,0.000000E+00,2.158908E+00,1.067343E+05,2.158908E+00,0.000000E+00,0.000000E+00
15:30:00,2.158908E+00,7.395474E+03,2.158908E+00,4.081330E+04,7.192658E+04,2.158908E+00,1.889328E+04,2.158908E+00,2.931549E+04,8.057971E+04,2.158908E+00,1.260203E+04,2.158908E+00,3.560674E+04,1.385782E+05,2.158908E+00,1.303591E+04,2.158908E+00,3.517286E+04,8.521143E+04,2.158908E+00,1.099884E+05,2.158908E+00,0.000000E+00,0.000000E+00,2.158908E+00,8.786057E+04,2.158908E+00,0.000000E+00,0.000000E+00,2.158908E+00,1.067343E+05,2.158908E+00,0.000000E+00,0.000000E+00
15:40:00,2.158908E+00,7.618921E+03,2.158908E+00,4.058985E+04,7.169735E+04,2.158908E+00,1.911672E+04,2.158908E+00,2.909204E+04,8.034895E+04,2.158908E+00,1.282547E+04,2.158908E+00,3.538330E+04,1.374194E+05,2.158908E+00,1.325935E+04,2.158908E+00,3.494942E+04,8.498074E+04,2.158908E+00,1.099884E+05,2.158908E+00,0.000000E+00,0.000000E+00,2.158908E+00,8.786057E+04,2.158908E+00,0.000000E+00,0.000000E+00,2.158908E+00,1.067343E+05,2.158908E+00,0.000000E+00,0.000000E+00
15:50:00,2.158908E+00,7.842369E+03,2.158908E+00,4.036640E+04,7.146812E+04,2.158908E+00,1.934017E+04,2.158908E+00,2.886860E+04,8.011819E+04,2.158908E+00,1.304892E+04,2.158908E+00,3.515985E+04,1.362661E+05,2.158908E+00,1.348280E+04,2.158908E+00,3.472597E+04,8.475007E+04,2.158908E+00,1.099884E+05,2.158908E+00,0.000000E+00,0.000000E+00,2.158908E+00,8.786057E+04,2.158908E+00,0.000000E+00,0.000000E+00,2.158908E+00,1.067343E+05,2.158908E+00,0.000000E+00,0.000000E+00
16:00:00,2.158908E+00,8.065817E+03,2.158908E+00,4.014295E+04,7.123889E+04,2.158908E+00,1.956362E+04,2.158908E+00,2.864515E+04,7.988742E+04,2.158908E+00,1.327237E+04,2.158908E+00,3.493640E+04,1.351181E+05,2.158908E+00,1.370625E+04,2.158908E+00,3.450252E+04,8.451941E+04,2.158908E+00,1.099884E+05,2.158908E+00,0.000000E+00,0.000000E+00,2.158908E+00,8.786057E+04,2.158908E+00,0.000000E+00,0.000000E+00,2.158908E+00,1.067343E+05,2.158908E+00,0.000000E+00,0.000000E+00
16:10:00,2.158908E+00,8.363748E+03,2.158908E+00,3.984502E+04,7.093321E+04,2.158908E+00,1.986155E+04,2.158908E+00,2.834722E+04,7.957974E+04,2.158908E+00,1.357030E+04,2.158908E+00,3.463847E+04,1.335957E+05,2.158908E+00,1.400418E+04,2.158908E+00,3.420459E+04,8.421187E+04,2.158908E+00,1.099884E+05,2.158908E+00,0.000000E+00,0.000000E+00,2.158908E+00,8.786057E+04,2.158908E+00,0.000000E+00,0.000000E+00,2.158908E+00,1.067343E+05,2.158908E+00,0.000000E+00,0.000000E+00
16:20:00,2.158908E+00,8.661678E+03,2.158908E+00,3.954709E+04,7.062758E+04,2.158908E+00,2.015948E+04,2.158908E+00,2.804929E+04,7.927202E+04,2.158908E+00,1.386823E+04,2.158908E+00,3.434054E+04,1.320827E+05,2.158908E+00,1.430211E+04,2.158908E+00,3.390666E+04,8.390429E+04,2.158908E+00,1.099884E+05,2.158908E+00,0.000000E+00,0.000000E+00,2.158908E+00,8.786057E+04,2.158908E+00,0.000000E+00,0.000000E+00,2.158908E+00,1.067343E+05,2.158908E+00,0.000000E+00,0.000000E+00
16:30:00,2.158908E+00,8.959609E+03,2.158908E+00,3.924916E+04,7.032194E+04,2.158908E+00,2.045741E+04,2.158908E+00,2.775136E+04,7.896433E+04,2.158908E+00,1.416616E+04,2.158908E+00,3.404261E+04,1.305791E+05,2.158908E+00,1.460004E+04,2.158908E+00,3.360873E+04,8.359674E+04,2.158908E+00,1.099884E+05,2.158908E+00,0.000000E+00,0.000000E+00,2.158908E+00,8.786057E+04,2.158908E+00,0.000000E+00,0.000000E+00,2.158908E+00,1.067343E+05,2.158908E+00,0.000000E+00,0.000000E+00
16:40:00,2.158908E+00,9.257539E+03,2.158908E+00,3.895123E+04,7.001630E+04,2.158908E+00,2.075534E+04,2.158908E+00,2.745343E+04,7.865664E+04,2.158908E+00,1.446409E+04,2.158908E+00,3.374468E+04,1.290847E+05,2.158908E+00,1.489797E+04,2.158908E+00,3.331080E+04,8.328920E+04,2.158908E+00,1.099884E+05,2.158908E+00,0.000000E+00,0.000000E+00,2.158908E+00,8.786057E+04,2.158908E+00,0.000000E+00,0.000000E+00,2.158908E+00,1.067343E+05,2.158908E+00,0.000000E+00,0.000000E+00
16:50:00,2.158908E+00,9.555470E+03,2.158908E+00,3.865330E+04,6.971062E+04,2.158908E+00,2.105327E+04,2.158908E+00,2.715550E+04,7.834892E+04,2.158908E+00,1.476202E+04,2.158908E+00,3.344675E+04,1.275995E+05,2.158908E+00,1.519590E+04,2.158908E+00,3.301287E+04,8.298166E+04,2.158908E+00,1.099884E+05,2.158908E+00,0.000000E+00,0.000000E+00,2.158908E+00,8.786057E+04,2.158908E+00,0.000000E+00,0.000000E+00,2.158908E+00,1.067343E+05,2.158908E+00,0.000000E+00,0.000000E+00
17:00:00,2.158908E+00,9.853400E+03,2.158908E+00,3.835537E+04,6.940498E+04,2.158908E+00,2.135120E+04,2.158908E+00,2.685757E+04,7.804123E+04,2.158908E+00,1.505995E+04,2.158908E+00,3.314882E+04,1.261235E+05,2.158908E+00,1.549383E+04,2.158908E+00,3.271494E+04,8.267408E+04,2.158908E+00,1.099884E+05,2.158908E+00,0.000000E+00,0.000000E+00,2.158908E+00,8.786057E+04,2.158908E+00,0.000000E+00,0.000000E+00,2.158908E+00,1.067343E+05,2.158908E+00,0.000000E+00,0.000000E+00
17:10:00,2.158908E+00,1.022581E+04,2.158908E+00,3.798296E+04,6.902294E+04,2.158908E+00,2.172362E+04,2.158908E+00,2.648515E+04,7.765662E+04,2.158908E+00,1.543237E+04,2.158908E+00,3.277640E+04,1.242911E+05,2.158908E+00,1.586624E+04,2.158908E+00,3.234252E+04,8.228964E+04,2.158908E+00,1.099884E+05,2.158908E+00,0.000000E+00,0.000000E+00,2.158908E+00,8.786057E+04,2.158908E+00,0.000000E+00,0.000000E+00,2.158908E+00,1.067343E+05,2.158908E+00,0.000000E+00,0.000000E+00
17:20:00,2.158908E+00,1.059823E+04,2.158908E+00,3.761054E+04,6.864085E+04,2.158908E+00,2.209603E+04,2.158908E+00,2.611274E+04,7.727198E+04,2.158908E+00,1.580478E+04,2.158908E+00,3.240399E+04,1.224728E+05,2.158908E+00,1.623866E+04,2.158908E+00,3.197011E+04,8.190521E+04,2.158908E+00,1.099884E+05,2.158908E+00,0.000000E+00,0.000000E+00,2.158908E+00,8.786057E+04,2.158908E+00,0.000000E+00,0.000000E+00,2.158908E+00,1.067343E+05,2.158908E+00,0.000000E+00,0.000000E+00
17:30:00,2.158908E+00,1.097064E+04,2.158908E+00,3.723813E+04,6.825880E+04,2.158908E+00,2.246844E+04,2.158908E+00,2.574033E+04,7.688736E+04,2.158908E+00,1.617719E+04,2.158908E+00,3.203158E+04,1.206684E+05,2.158908E+00,1.661107E+04,2.158908E+00,3.159770E+04,8.152074E+04,2.158908E+00,1.099884E+05,2.158908E+00,0.000000E+00,0.000000E+00,2.158908E+00,8.786057E+04,2.158908E+00,0.000000E+00,0.000000E+00,2.158908E+00,1.067343E+05,2.158908E+00,0.000000E+00,0.000000E+00
17:40:00,2.158908E+00,1.134305E+04,2.158908E+00,3.686572E+04,6.787676E+04,2.158908E+00,2.284086E+04,2.158908E+00,2.536791E+04,7.650276E+04,2.158908E+00,1.654960E+04,2.158908E+00,3.165916E+04,1.188778E+05,2.158908E+00,1.698348E+04,2.158908E+00,3.122528E+04,8.113631E+04,2.158908E+00,1.099884E+05,2.158908E+00,0.000000E+00,0.000000E+00,2.158908E+00,8.786057E+04,2.158908E+00,0.000000E+00,0.000000E+00,2.158908E+00,1.067343E+05,2.158908E+00,0.000000E+00,0.000000E+00
17:50:00,2.158908E+00,1.171547E+04,2.158908E+00,3.649330E+04,6.749467E+04,2.158908E+00,2.321327E+04,2.158908E+00,2.499550E+04,7.611812E+04,2.158908E+00,1.692202E+04,2.158908E+00,3.128675E+04,1.171008E+05,2.158908E+00,1.735590E+04,2.158908E+00,3.085287E+04,8.075189E+04,2.158908E+00,1.099884E+05,2.158908E+00,0.000000E+00,0.000000E+00,2.158908E+00,8.786057E+04,2.158908E+00,0.000000E+00,0.000000E+00,2.158908E+00,1.067343E+05,2.158908E+00,0.000000E+00,0.000000E+00
18:00:00,2.158908E+00,1.208788E+04,2.158908E+00,3.612089E+04,6.711262E+04,2.158908E+00,2.358568E+04,2.158908E+00,2.462309E+04,7.573351E+04,2.158908E+00,1.729443E+04,2.158908E+00,3.091434E+04,1.153373E+05,2.158908E+00,1.772831E+04,2.158908E+00,3.048046E+04,8.036742E+04,2.158908E+00,1.099884E+05,2.158908E+00,0.000000E+00,0.000000E+00,2.158908E+00,8.786057E+04,2.158908E+00,0.000000E+00,0.000000E+00,2.158908E+00,1.067343E+05,2.158908E+00,0.000000E+00,0.000000E+00
18:10:00,2.158908E+00,1.264650E+04,2.158908E+00,3.556227E+04,6.653951E+04,2.158908E+00,2.414430E+04,2.158908E+00,2.406447E+04,7.515659E+04,2.158908E+00,1.785305E+04,2.158908E+00,3.035572E+04,1.127172E+05,2.158908E+00,1.828693E+04,2.158908E+00,2.992184E+04,7.979077E+04,2.158908E+00,1.099884E+05,2.158908E+00,0.000000E+00,0.000000E+00,2.158908E+00,8.786057E+04,2.158908E+00,0.000000E+00,0.000000E+00,2.158908E+00,1.067343E+05,2.158908E+00,0.000000E+00,0.000000E+00
18:20:00,2.158908E+00,1.320512E+04,2.158908E+00,3.500365E+04,6.596644E+04,2.158908E+00,2.470292E+04,2.158908E+00,2.350585E+04,7.457965E+04,2.158908E+00,1.841167E+04,2.158908E+00,2.979710E+04,1.101269E+05,2.158908E+00,1.884555E+04,2.158908E+00,2.936322E+04,7.921409E+04,2.158908E+00,1.099884E+05,2.158908E+00,0.000000E+00,0.000000E+00,2.158908E+00,8.786057E+04,2.158908E+00,0.000000E+00,0.000000E+00,2.158908E+00,1.067343E+05,2.158908E+00,0.000000E+00,0.000000E+00
18:30:00,2.158908E+00,1.376374E+04,2.158908E+00,3.444503E+04,6.539333E+04,2.158908E+00,2.526154E+04,2.158908E+00,2.294723E+04,7.400273E+04,2.158908E+00,1.897029E+04,2.158908E+00,2.923848E+04,1.075659E+05,2.158908E+00,1.940417E+04,2.158908E+00,2.880460E+04,7.863744E+04,2.158908E+00,1.099884E+05,2.158908E+00,0.000000E+00,0.000000E+00,2.158908E+00,8.786057E+04,2.158908E+00,0.000000E+00,0.000000E+00,2.158908E+00,1.067343E+05,2.158908E+00,0.000000E+00,0.000000E+00
18:40:00,2.158908E+00,1.432236E+04,2.158908E+00,3.388641E+04,6.482025E+04,2.158908E+00,2.582016E+04,2.158908E+00,2.238861E+04,7.342579E+04,2.158908E+00,1.952891E+04,2.158908E+00,2.867986E+04,1.050339E+05,2.158908E+00,1.996279E+04,2.158908E+00,2.824598E+04,7.806076E+04,2.158908E+00,1.099884E+05,2.158908E+00,0.000000E+00,0.000000E+00,2.158908E+00,8.786057E+04,2.158908E+00,0.000000E+00,0.000000E+00,2.158908E+00,1.067343E+05,2.158908E+00,0.000000E+00,0.000000E+00
18:50:00,2.158908E+00,1.488098E+04,2.158908E+00,3.332779E+04,6.424715E+04,2.158908E+00,2.637878E+04,2.158908E+00,2.182999E+04,7.284888E+04,2.158908E+00,2.008753E+04,2.158908E+00,2.812124E+04,1.025304E+05,2.158908E+00,2.052141E+04,2.158908E+00,2.768736E+04,7.748411E+04,2.158908E+00,1.099884E+05,2.158908E+00,0.000000E+00,0.000000E+00,2.158908E+00,8.786057E+04,2.158908E+00,0.000000E+00,0.000000E+00,2.158908E+00,1.067343E+05,2.158908E+00,0.000000E+00,0.000000E+00
19:00:00,2.158908E+00,1.543960E+04,2.158908E+00,3.276917E+04,6.367407E+04,2.158908E+00,2.693740E+04,2.158908E+00,2.127137E+04,7.227193E+04,2.158908E+00,2.064615E+04,2.158908E+00,2.756262E+04,1.000551E+05,2.158908E+00,2.108003E+04,2.158908E+00,2.712874E+04,7.690743E+04,2.158908E+00,1.099884E+05,2.158908E+00,0.000000E+00,0.000000E+00,2.158908E+00,8.786057E+04,2.158908E+00,0.000000E+00,0.000000E+00,2.158908E+00,1.067343E+05,2.158908E+00,0.000000E+00,0.000000E+00
19:10:00,2.158908E+00,1.584925E+04,2.158908E+00,3.235952E+04,6.325378E+04,2.158908E+00,2.734705E+04,2.158908E+00,2.086171E+04,7.184886E+04,2.158908E+00,2.105580E+04,2.158908E+00,2.715297E+04,9.825752E+04,2.158908E+00,2.148968E+04,2.158908E+00,2.671909E+04,7.648455E+04,2.158908E+00,1.099884E+05,2.158908E+00,0.000000E+00,0.000000E+00,2.158908E+00,8.786057E+04,2.158908E+00,0.000000E+00,0.000000E+00,2.158908E+00,1.067343E+05,2.158908E+00,0.000000E+00,0.000000E+00
19:20:00,2.158908E+00,1.625891E+04,2.158908E+00,3.194986E+04,6.283353E+04,2.158908E+00,2.775671E+04,2.158908E+00,2.045206E+04,7.085082E+04,2.158908E+00,2.146546E+04,2.158908E+00,2.674331E+04,9.647476E+04,2.158908E+00,2.189934E+04,2.158908E+00,2.630943E+04,7.606164E+04,2.158908E+00,1.099884E+05,2.158908E+00,0.000000E+00,0.000000E+00,2.158908E+00,8.786057E+04,2.158908E+00,0.000000E+00,0.000000E+00,2.158908E+00,1.067343E+05,2.158908E+00,0.000000E+00,0.000000E+00
19:30:00,2.158908E+00,1.666856E+04,2.158908E+00,3.154021E+04,6.241327E+04,2.158908E+00,2.816636E+04,2.158908E+00,2.004241E+04,6.929015E+04,2.158908E+00,2.187511E+04,2.158908E+00,2.633366E+04,9.470664E+04,2.158908E+00,2.230899E+04,2.158908E+00,2.589978E+04,7.563877E+04,2.158908E+00,1.099884E+05,2.158908E+00,0.000000E+00,0.000000E+00,2.158908E+00,8.786057E+04,2.158908E+00,0.000000E+00,0.000000E+00,2.158908E+00,1.067343E+05,2.158908E+00,0.000000E+00,0.000000E+00
19:40:00,2.158908E+00,1.707821E+04,2.158908E+00,3.113055E+04,6.199299E+04,2.158908E+00,2.857602E+04,2.158908E+00,1.963275E+04,6.774192E+04,2.158908E+00,2.228477E+04,2.158908E+00,2.592400E+04,9.295302E+04,2.158908E+00,2.271865E+04,2.158908E+00,2.549012E+04,7.521590E+04,2.158908E+00,1.099884E+05,2.158908E+00,0.000000E+00,0.000000E+00,2.158908E+00,8.786057E+04,2.158908E+00,0.000000E+00,0.000000E+00,2.158908E+00,1.067343E+05,2.158908E+00,0.000000E+00,0.000000E+00
19:50:00,2.158908E+00,1.748787E+04,2.158908E+00,3.072090E+04,6.157273E+04,2.158908E+00,2.898567E+04,2.158908E+00,1.922310E+04,6.620599E+04,2.158908E+00,2.269442E+04,2.158908E+00,2.551435E+04,9.121377E+04,2.158908E+00,2.312830E+04,2.158908E+00,2.508047E+04,7.479299E+04,2.158908E+00,1.099884E+05,2.158908E+00,0.000000E+00,0.000000E+00,2.158908E+00,8.786057E+04,2.158908E+00,0.000000E+00,0.000000E+00,2.158908E+00,1.067343E+05,2.158908E+00,0.000000E+00,0.000000E+00
20:00:00,2.158908E+00,1.789752E+04,2.158908E+00,3.031125E+04,6.115248E+04,2.158908E+00,2.939533E+04,2.158908E+00,1.881344E+04,6.468226E+04,2.158908E+00,2.310408E+04,2.158908E+00,2.510469E+04,8.948872E+04,2.158908E+00,2.353795E+04,2.158908E+00,2.467081E+04,7.437011E+04,2.158908E+00,1.099884E+05,2.158908E+00,0.000000E+00,0.000000E+00,2.158908E+00,8.786057E+04,2.158908E+00,0.000000E+00,0.000000E+00,2.158908E+00,1.067343E+05,2.158908E+00,0.000000E+00,0.000000E+00
20:10:00,2.158908E+00,1.823270E+04,2.158908E+00,2.997607E+04,6.080860E+04,2.158908E+00,2.973050E+04,2.158908E+00,1.847827E+04,6.344455E+04,2.158908E+00,2.343925E+04,2.158908E+00,2.476952E+04,8.808779E+04,2.158908E+00,2.387313E+04,2.158908E+00,2.433564E+04,7.402412E+04,2.158908E+00,1.099884E+05,2.158908E+00,0.000000E+00,0.000000E+00,2.158908E+00,8.786057E+04,2.158908E+00,0.000000E+00,0.000000E+00,2.158908E+00,1.067343E+05,2.158908E+00,0.000000E+00,0.000000E+00
20:20:00,2.158908E+00,1.856787E+04,2.158908E+00,2.964090E+04,6.046476E+04,2.158908E+00,3.006567E+04,2.158908E+00,1.814310E+04,6.221484E+04,2.158908E+00,2.377442E+04,2.158908E+00,2.443435E+04,8.669620E+04,2.158908E+00,2.420830E+04,2.158908E+00,2.400047E+04,7.367810E+04,2.158908E+00,1.099884E+05,2.158908E+00,0.000000E+00,0.000000E+00,2.158908E+00,8.786057E+04,2.158908E+00,0.000000E+00,0.000000E+00,2.158908E+00,1.067343E+05,2.158908E+00,0.000000E+00,0.000000E+00
20:30:00,2.158908E+00,1.890304E+04,2.158908E+00,2.930573E+04,6.012091E+04,2.158908E+00,3.040084E+04,2.158908E+00,1.780793E+04,6.099309E+04,2.158908E+00,2.410959E+04,2.158908E+00,2.409918E+04,8.531388E+04,2.158908E+00,2.454347E+04,2.158908E+00,2.366530E+04,7.333211E+04,2.158908E+00,1.099884E+05,2.158908E+00,0.000000E+00,0.000000E+00,2.158908E+00,8.786057E+04,2.158908E+00,0.000000E+00,0.000000E+00,2.158908E+00,1.067343E+05,2.158908E+00,0.000000E+00,0.000000E+00
20:40:00,2.158908E+00,1.923821E+04,2.158908E+00,2.897056E+04,5.977703E+04,2.158908E+00,3.073601E+04,2.158908E+00,1.747276E+04,5.977921E+04,2.158908E+00,2.444476E+04,2.158908E+00,2.376401E+04,8.394075E+04,2.158908E+00,2.487864E+04,2.158908E+00,2.333013E+04,7.298612E+04,2.158908E+00,1.099884E+05,2.158908E+00,0.000000E+00,0.000000E+00,2.158908E+00,8.786057E+04,2.158908E+00,0.000000E+00,0.000000E+00,2.158908E+00,1.067343E+05,2.158908E+00,0.000000E+00,0.000000E+00
20:50:00,2.158908E+00,1.957338E+04,2.158908E+00,2.863539E+04,5.943318E+04,2.158908E+00,3.107119E+04,2.158908E+00,1.713758E+04,5.857316E+04,2.158908E+00,2.477993E+04,2.158908E+00,2.342883E+04,8.257673E+04,2.158908E+00,2.521381E+04,2.158908E+00,2.299495E+04,7.264010E+04,2.158908E+00,1.099884E+05,2.158908E+00,0.000000E+00,0.000000E+00,2.158908E+00,8.786057E+04,2.158908E+00,0.000000E+00,0.000000E+00,2.158908E+00,1.067343E+05,2.158908E+00,0.000000E+00,0.000000E+00
21:00:00,2.158908E+00,1.990855E+04,2.158908E+00,2.830021E+04,5.908934E+04,2.158908E+00,3.140636E+04,2.158908E+00,1.680241E+04,5.737485E+04,2.158908E+00,2.511511E+04,2.158908E+00,2.309366E+04,8.122176E+04,2.158908E+00,2.554899E+04,2.158908E+00,2.265978E+04,7.229411E+04,2.158908E+00,1.099884E+05,2.158908E+00,0.000000E+00,0.000000E+00,2.158908E+00,8.786057E+04,2.158908E+00,0.000000E+00,0.000000E+00,2.158908E+00,1.067343E+05,2.158908E+00,0.000000E+00,0.000000E+00
21:10:00,2.158908E+00,2.024373E+04,2.158908E+00,2.796504E+04,5.874546E+04,2.158908E+00,3.174153E+04,2.158908E+00,1.646724E+04,5.618424E+04,2.158908E+00,2.545028E+04,2.158908E+00,2.275849E+04,7.987575E+04,2.158908E+00,2.588416E+04,2.158908E+00,2.232461E+04,7.194812E+04,2.158908E+00,1.099884E+05,2.158908E+00,0.000000E+00,0.000000E+00,2.158908E+00,8.786057E+04,2.158908E+00,0.000000E+00,0.000000E+00,2.158908E+00,1.067343E+05,2.158908E+00,0.000000E+00,0.000000E+00
21:20:00,2.158908E+00,2.057890E+04,2.158908E+00,2.762987E+04,5.840162E+04,2.158908E+00,3.207670E+04,2.158908E+00,1.613207E+04,5.500125E+04,2.158908E+00,2.578545E+04,2.158908E+00,2.242332E+04,7.853864E+04,2.158908E+00,2.621933E+04,2.158908E+00,2.198944E+04,7.160211E+04,2.158908E+00,1.099884E+05,2.158908E+00,0.000000E+00,0.000000E+00,2.158908E+00,8.786057E+04,2.158908E+00,0.000000E+00,0.000000E+00,2.158908E+00,1.067343E+05,2.158908E+00,0.000000E+00,0.000000E+00
21:30:00,2.158908E+00,2.091407E+04,2.158908E+00,2.729470E+04,5.805777E+04,2.158908E+00,3.241187E+04,2.158908E+00,1.579690E+04,5.382582E+04,2.158908E+00,2.612062E+04,2.158908E+00,2.208815E+04,7.721035E+04,2.158908E+00,2.655450E+04,2.158908E+00,2.165427E+04,7.125612E+04,2.158908E+00,1.099884E+05,2.158908E+00,0.000000E+00,0.000000E+00,2.158908E+00,8.786057E+04,2.158908E+00,0.000000E+00,0.000000E+00,2.158908E+00,1.067343E+05,2.158908E+00,0.000000E+00,0.000000E+00
21:40:00,2.158908E+00,2.124924E+04,2.158908E+00,2.695953E+04,5.771389E+04,2.158908E+00,3.274704E+04,2.158908E+00,1.546172E+04,5.265790E+04,2.158908E+00,2.645579E+04,2.158908E+00,2.175298E+04,7.589082E+04,2.158908E+00,2.688967E+04,2.158908E+00,2.131910E+04,7.091013E+04,2.158908E+00,1.099884E+05,2.158908E+00,0.000000E+00,0.000000E+00,2.158908E+00,8.786057E+04,2.158908E+00,0.000000E+00,0.000000E+00,2.158908E+00,1.067343E+05,2.158908E+00,0.000000E+00,0.000000E+00
21:50:00,2.158908E+00,2.158441E+04,2.158908E+00,2.662436E+04,5.737005E+04,2.158908E+00,3.308222E+04,2.158908E+00,1.512655E+04,5.149742E+04,2.158908E+00,2.679097E+04,2.158908E+00,2.141780E+04,7.457996E+04,2.158908E+00,2.722484E+04,2.158908E+00,2.098392E+04,7.056410E+04,2.158908E+00,1.099884E+05,2.158908E+00,0.000000E+00,0.000000E+00,2.158908E+00,8.786057E+04,2.158908E+00,0.000000E+00,0.000000E+00,2.158908E+00,1.067343E+05,2.158908E+00,0.000000E+00,0.000000E+00
22:00:00,2.158908E+00,2.191958E+04,2.158908E+00,2.628918E+04,5.702621E+04,2.158908E+00,3.341739E+04,2.158908E+00,1.479138E+04,5.034432E+04,2.158908E+00,2.712614E+04,2.158908E+00,2.108263E+04,7.327771E+04,2.158908E+00,2.756002E+04,2.158908E+00,2.064875E+04,7.021812E+04,2.158908E+00,1.099884E+05,2.158908E+00,0.000000E+00,0.000000E+00,2.158908E+00,8.786057E+04,2.158908E+00,0.000000E+00,0.000000E+00,2.158908E+00,1.067343E+05,2.158908E+00,0.000000E+00,0.000000E+00
22:10:00,2.158908E+00,2.218027E+04,2.158908E+00,2.602849E+04,5.675877E+04,2.158908E+00,3.367808E+04,2.158908E+00,1.453069E+04,4.945253E+04,2.158908E+00,2.738683E+04,2.158908E+00,2.082194E+04,7.227075E+04,2.158908E+00,2.782071E+04,2.158908E+00,2.038806E+04,6.994902E+04,2.158908E+00,1.099884E+05,2.158908E+00,0.000000E+00,0.000000E+00,2.158908E+00,8.786057E+04,2.158908E+00,0.000000E+00,0.000000E+00,2.158908E+00,1.067343E+05,2.158908E+00,0.000000E+00,0.000000E+00
22:20:00,2.158908E+00,2.244096E+04,2.158908E+00,2.576781E+04,5.649130E+04,2.158908E+00,3.393877E+04,2.158908E+00,1.427000E+04,4.856513E+04,2.158908E+00,2.764752E+04,2.158908E+00,2.056125E+04,7.126893E+04,2.158908E+00,2.808139E+04,2.158908E+00,2.012737E+04,6.961283E+04,2.158908E+00,1.099884E+05,2.158908E+00,0.000000E+00,0.000000E+00,2.158908E+00,8.786057E+04,2.158908E+00,0.000000E+00,0.000000E+00,2.158908E+00,1.067343E+05,2.158908E+00,0.000000E+00,0.000000E+00
22:30:00,2.158908E+00,2.270165E+04,2.158908E+00,2.550712E+04,5.622387E+04,2.158908E+00,3.419946E+04,2.158908E+00,1.400931E+04,4.768211E+04,2.158908E+00,2.790820E+04,2.158908E+00,2.030056E+04,7.027221E+04,2.158908E+00,2.834208E+04,2.158908E+00,1.986668E+04,6.862452E+04,2.158908E+00,1.099884E+05,2.158908E+00,0.000000E+00,0.000000E+00,2.158908E+00,8.786057E+04,2.158908E+00,0.000000E+00,0.000000E+00,2.158908E+00,1.067343E+05,2.158908E+00,0.000000E+00,0.000000E+00
22:40:00,2.158908E+00,2.296234E+04,2.158908E+00,2.524643E+04,5.595643E+04,2.158908E+00,3.446014E+04,2.158908E+00,1.374862E+04,4.680344E+04,2.158908E+00,2.816889E+04,2.158908E+00,2.003987E+04,6.928055E+04,2.158908E+00,2.860277E+04,2.158908E+00,1.960600E+04,6.764122E+04,2.158908E+00,1.099884E+05,2.158908E+00,0.000000E+00,0.000000E+00,2.158908E+00,8.786057E+04,2.158908E+00,0.000000E+00,0.000000E+00,2.158908E+00,1.067343E+05,2.158908E+00,0.000000E+00,0.000000E+00
22:50:00,2.158908E+00,2.322303E+04,2.158908E+00,2.498574E+04,5.568900E+04,2.158908E+00,3.472083E+04,2.158908E+00,1.348794E+04,4.592908E+04,2.158908E+00,2.842958E+04,2.158908E+00,1.977919E+04,6.829393E+04,2.158908E+00,2.886346E+04,2.158908E+00,1.934531E+04,6.666292E+04,2.158908E+00,1.099884E+05,2.158908E+00,0.000000E+00,0.000000E+00,2.158908E+00,8.786057E+04,2.158908E+00,0.000000E+00,0.000000E+00,2.158908E+00,1.067343E+05,2.158908E+00,0.000000E+00,0.000000E+00
23:00:00,2.158908E+00,2.348372E+04,2.158908E+00,2.472505E+04,5.542153E+04,2.158908E+00,3.498152E+04,2.158908E+00,1.322725E+04,4.505901E+04,2.158908E+00,2.869027E+04,2.158908E+00,1.951850E+04,6.731231E+04,2.158908E+00,2.912415E+04,2.158908E+00,1.908462E+04,6.568955E+04,2.158908E+00,1.099884E+05,2.158908E+00,0.000000E+00,0.000000E+00,2.158908E+00,8.786057E+04,2.158908E+00,0.000000E+00,0.000000E+00,2.158908E+00,1.067343E+05,2.158908E+00,0.000000E+00,0.000000E+00
23:10:00,2.158908E+00,2.374441E+04,2.158908E+00,2.446436E+04,5.515409E+04,2.158908E+00,3.524221E+04,2.158908E+00,1.296656E+04,4.419320E+04,2.158908E+00,2.895096E+04,2.158908E+00,1.925781E+04,6.633566E+04,2.158908E+00,2.938484E+04,2.158908E+00,1.882393E+04,6.472111E+04,2.158908E+00,1.099884E+05,2.158908E+00,0.000000E+00,0.000000E+00,2.158908E+00,8.786057E+04,2.158908E+00,0.000000E+00,0.000000E+00,2.158908E+00,1.067343E+05,2.158908E+00,0.000000E+00,0.000000E+00
23:20:00,2.158908E+00,2.400510E+04,2.158908E+00,2.420367E+04,5.488666E+04,2.158908E+00,3.550290E+04,2.158908E+00,1.270587E+04,4.333162E+04,2.158908E+00,2.921165E+04,2.158908E+00,1.899712E+04,6.536395E+04,2.158908E+00,2.964553E+04,2.158908E+00,1.856324E+04,6.375755E+04,2.158908E+00,1.099884E+05,2.158908E+00,0.000000E+00,0.000000E+00,2.158908E+00,8.786057E+04,2.158908E+00,0.000000E+00,0.000000E+00,2.158908E+00,1.067343E+05,2.158908E+00,0.000000E+00,0.000000E+00
23:30:00,2.158908E+00,2.426579E+04,2.158908E+00,2.394298E+04,5.461923E+04,2.158908E+00,3.576359E+04,2.158908E+00,1.244518E+04,4.247426E+04,2.158908E+00,2.947234E+04,2.158908E+00,1.873643E+04,6.439715E+04,2.158908E+00,2.990622E+04,2.158908E+00,1.830255E+04,6.279885E+04,2.158908E+00,1.099884E+05,2.158908E+00,0.000000E+00,0.000000E+00,2.158908E+00,8.786057E+04,2.158908E+00,0.000000E+00,0.000000E+00,2.158908E+00,1.067343E+05,2.158908E+00,0.000000E+00,0.000000E+00
23:40:00,2.158908E+00,2.452648E+04,2.158908E+00,2.368229E+04,5.435176E+04,2.158908E+00,3.602428E+04,2.158908E+00,1.218449E+04,4.162107E+04,2.158908E+00,2.973303E+04,2.158908E+00,1.847574E+04,6.343523E+04,2.158908E+00,3.016691E+04,2.158908E+00,1.804186E+04,6.184498E+04,2.158908E+00,1.099884E+05,2.158908E+00,0.000000E+00,0.000000E+00,2.158908E+00,8.786057E+04,2.158908E+00,0.000000E+00,0.000000E+00,2.158908E+00,1.067343E+05,2.158908E+00,0.000000E+00,0.000000E+00
23:50:00,2.158908E+00,2.478717E+04,2.158908E+00,2.342160E+04,5.408432E+04,2.158908E+00,3.628497E+04,2.158908E+00,1.192380E+04,4.077203E+04,2.158908E+00,2.999372E+04,2.158908E+00,1.821505E+04,6.247815E+04,2.158908E+00,3.042760E+04,2.158908E+00,1.778117E+04,6.089590E+04,2.158908E+00,1.099884E+05,2.158908E+00,0.000000E+00,0.000000E+00,2.158908E+00,8.786057E+04,2.158908E+00,0.000000E+00,0.000000E+00,2.158908E+00,1.067343E+05,2.158908E+00,0.000000E+00,0.000000E+00
24:00:00,2.158908E+00,2.504786E+04,2.158908E+00,2.316091E+04,5.381689E+04,2.158908E+00,3.654566E+04,2.158908E+00,1.166311E+04,3.992713E+04,2.158908E+00,3.025441E+04,2.158908E+00,1.795436E+04,6.152589E+04,2.158908E+00,3.068829E+04,2.158908E+00,1.752048E+04,5.995158E+04,2.158908E+00,1.099884E+05,2.158908E+00,0.000000E+00,0.000000E+00,2.158908E+00,8.786057E+04,2.158908E+00,0.000000E+00,0.000000E+00,2.158908E+00,1.067343E+05,2.158908E+00,0.000000E+00,0.000000E+00
Coinc Peak   ,2.158908E+00,2.158908E+00,1.099884E+05,4.148364E+04
NonCoinc Peak,2.158908E+00,2.158908E+00,1.099884E+05,4.148364E+04
